,Links
0,https://www.youtube.com/watch?v=bWWTk-pZX5g
1,https://www.youtube.com/watch?v=gyK9USvrvDQ
2,https://www.youtube.com/watch?v=GihybX7JyG4
3,https://www.youtube.com/watch?v=4f2OCYaqLdE
4,https://www.youtube.com/watch?v=imA5NPX4ucU
5,https://www.youtube.com/watch?v=QgU1zoZJQDM
6,https://www.youtube.com/watch?v=zAS1nXFqBM8
7,https://www.youtube.com/watch?v=Dk9mcJtIuCs
8,https://www.youtube.com/watch?v=THtKW5hy3u4
9,https://www.youtube.com/watch?v=eTFy8RnUkoU
10,https://www.youtube.com/watch?v=a47dqygseGo
11,https://www.youtube.com/watch?v=6Gw5dK48MtI
12,https://www.youtube.com/watch?v=2pWCyUys6lM
13,https://www.youtube.com/watch?v=v9TDLenqbzM
14,https://www.youtube.com/watch?v=pNar3Dh9zDk
15,https://www.youtube.com/watch?v=XuXhqIsb2sk
16,https://www.youtube.com/watch?v=wJdNrCeUdhc
17,https://www.youtube.com/watch?v=osqNn_9HdgU
18,https://www.youtube.com/watch?v=lviVCr1dK1o
19,https://www.youtube.com/watch?v=8tKuviI68Ss
20,https://www.youtube.com/watch?v=EcHXbIp1AEw
21,https://www.youtube.com/watch?v=dKAixirAIVk
22,https://www.youtube.com/watch?v=dv4zUPs2JQc
23,https://www.youtube.com/watch?v=xeUWvnHXikQ
24,https://www.youtube.com/watch?v=8H9jTlrpl4s
25,https://www.youtube.com/watch?v=sm9pNiYpiDY
26,https://www.youtube.com/watch?v=lIW5jBrrsS0
27,https://www.youtube.com/watch?v=K5oyGK7YCBk
28,https://www.youtube.com/watch?v=dIrrROL2pRE
29,https://www.youtube.com/watch?v=lb8jeSp77dY
30,https://www.youtube.com/watch?v=JNib3HUCg2M
31,https://www.youtube.com/watch?v=ll2C2J6Q3SY
32,https://www.youtube.com/watch?v=RX3gpe8jYJ4
33,https://www.youtube.com/watch?v=u7OAMv-XfKs
34,https://www.youtube.com/watch?v=-f0NzGe6AqM
35,https://www.youtube.com/watch?v=OeZAn0GcUow
36,https://www.youtube.com/watch?v=pm8oXab3zSk
37,https://www.youtube.com/watch?v=6yy6RgPH9to
38,https://www.youtube.com/watch?v=6Zu6cw5UjSg
39,https://www.youtube.com/watch?v=4AW54-7UUE0
40,https://www.youtube.com/watch?v=fhbZT0Dpipc
41,https://www.youtube.com/watch?v=69z122eUdDc
42,https://www.youtube.com/watch?v=SJaY_kiXBzY
43,https://www.youtube.com/watch?v=ZkIIAiqDGJ0
44,https://www.youtube.com/watch?v=AqAJLh9wuZ0
45,https://www.youtube.com/watch?v=dANdTnL7GxE
46,https://www.youtube.com/watch?v=RHZhi0a-CPQ
47,https://www.youtube.com/watch?v=LdHzeCYnuC0
48,https://www.youtube.com/watch?v=pECuHYLnLyo
49,https://www.youtube.com/watch?v=j8w7DzNgShg
50,https://www.youtube.com/watch?v=uyM6Wyg0xPg
51,https://www.youtube.com/watch?v=DaFRheiGED0
52,https://www.youtube.com/watch?v=B_UBX7WMU7g
53,https://www.youtube.com/watch?v=54IYi9JRPV4
54,https://www.youtube.com/watch?v=ia1iuXbEaYQ
55,https://www.youtube.com/watch?v=mggVxZj5HTs
56,https://www.youtube.com/watch?v=A870mS0bN-E
57,https://www.youtube.com/watch?v=J_tfZd8Pz4k
58,https://www.youtube.com/watch?v=YJMZ9rCdGZk
59,https://www.youtube.com/watch?v=6R2USoz__Mk
60,https://www.youtube.com/watch?v=wFeoLnr8Pn0
61,https://www.youtube.com/watch?v=LhZyHIZpzoM
62,https://www.youtube.com/watch?v=yRhRZB-nqOU
63,https://www.youtube.com/watch?v=KF4hH8wUXWw
64,https://www.youtube.com/watch?v=iaWr41rDkm0
65,https://www.youtube.com/watch?v=IBV_loY5Kc0
66,https://www.youtube.com/watch?v=ejKvwawO0uA
67,https://www.youtube.com/watch?v=WfGMYdalClU
68,https://www.youtube.com/watch?v=tbEekLA7J3Y
69,
70,https://www.youtube.com/watch?v=oagAkrKUzK8
71,https://www.youtube.com/watch?v=j8oaaP68i4s
72,https://www.youtube.com/watch?v=oWATWGigIWM
73,https://www.youtube.com/watch?v=D61XWb1jSQU
74,https://www.youtube.com/watch?v=3IIBVnn4eTM
75,https://www.youtube.com/watch?v=9jpsuaZlIss
76,https://www.youtube.com/watch?v=c54UJZr8ECI
77,https://www.youtube.com/watch?v=pCkLHDt9s1M
78,https://www.youtube.com/watch?v=ap8c7h3hiik
79,https://www.youtube.com/watch?v=jKCj3XuPG8M
80,https://www.youtube.com/watch?v=oXLpd-tb5mo
81,https://www.youtube.com/watch?v=aBt8fN7mJNg
82,https://www.youtube.com/watch?v=Z_4ULKpkLNc
83,https://www.youtube.com/watch?v=FCJeVbVWSxk
84,https://www.youtube.com/watch?v=m1V98q63P8M
85,https://www.youtube.com/watch?v=-6otjTZTwLU
86,https://www.youtube.com/watch?v=LVFZx-lJsL0
87,https://www.youtube.com/watch?v=6pA_Tou-DPI
88,https://www.youtube.com/watch?v=0Gl2QnHNpkA
89,https://www.youtube.com/watch?v=7NFaS1i_nlY
90,https://www.youtube.com/watch?v=eYwbGaSurCQ
91,https://www.youtube.com/watch?v=4fndeDfaWCg
92,https://www.youtube.com/watch?v=-wv0yyoGYLI
93,https://www.youtube.com/watch?v=5g0Zn4AzPmw
94,https://www.youtube.com/watch?v=iILJvqrAQ_w
95,https://www.youtube.com/watch?v=l9PxOanFjxQ
96,https://www.youtube.com/watch?v=_90JjgZo9Ts
97,https://www.youtube.com/watch?v=XsX3ATc3FbA
98,https://www.youtube.com/watch?v=H5hngjI3Oqs
99,https://www.youtube.com/watch?v=foXqdLnWtmg
100,https://www.youtube.com/watch?v=ZnvnUEzScj4
101,https://www.youtube.com/watch?v=2r9UuF9yWwQ
102,https://www.youtube.com/watch?v=65vg74PXUBQ
103,https://www.youtube.com/watch?v=j0mkLJ0KeI8
104,https://www.youtube.com/watch?v=hsdYrIbyZog
105,https://www.youtube.com/watch?v=mPRy1B4t5YA
106,https://www.youtube.com/watch?v=eJSik6ejkr0
107,https://www.youtube.com/watch?v=wvLICdyyXTQ
108,https://www.youtube.com/watch?v=4-QMpR1L6XM
109,https://www.youtube.com/watch?v=6M6samPEMpM
110,https://www.youtube.com/watch?v=3O1_3zBUKM8
111,https://www.youtube.com/watch?v=lPe09eE6Xio
112,https://www.youtube.com/watch?v=HO5XDxmRpuw
113,https://www.youtube.com/watch?v=bkZEPgBqAu8
114,https://www.youtube.com/watch?v=e6nrMtfA2X8
115,https://www.youtube.com/watch?v=oq-sImFlgkU
116,https://www.youtube.com/watch?v=QnG22TS9glo
117,https://www.youtube.com/watch?v=uDWvg1bEzp0
118,https://www.youtube.com/watch?v=aJOTlE1K90k
119,https://www.youtube.com/watch?v=F57P9C4SAW4
120,https://www.youtube.com/watch?v=qGNnJF877dg
121,https://www.youtube.com/watch?v=9OgTLaedeVg
122,https://www.youtube.com/watch?v=bMZJ9QqsflM
123,https://www.youtube.com/watch?v=afKBOFONecE
124,https://www.youtube.com/watch?v=z8jNKa6Nvzw
125,https://www.youtube.com/watch?v=6kahnkJGiu0
126,https://www.youtube.com/watch?v=MtlXssrc01M
127,https://www.youtube.com/watch?v=0LcbrwwvNo8
128,https://www.youtube.com/watch?v=3kZ2vL1GMWI
129,https://www.youtube.com/watch?v=ZjuA_o6Jzyo
130,https://www.youtube.com/watch?v=-GGXQjmSytQ
131,https://www.youtube.com/watch?v=Hfwt7hqe52o
132,https://www.youtube.com/watch?v=p4kVWCSzfK4
133,https://www.youtube.com/watch?v=ExJmET8boVw
134,https://www.youtube.com/watch?v=ZKxb0BJu2-I
135,https://www.youtube.com/watch?v=QcnsuUEgyU0
136,https://www.youtube.com/watch?v=KT6ReWCkE10
137,
138,https://www.youtube.com/watch?v=dFr0OzL1yWQ
139,https://www.youtube.com/watch?v=0t63oWosHA0
140,https://www.youtube.com/watch?v=4mlHvf6Jr9w
141,https://www.youtube.com/watch?v=Y-fqWMaXb8A
142,https://www.youtube.com/watch?v=2fOuXToM_eA
143,https://www.youtube.com/watch?v=ejVktqDqzFs
144,https://www.youtube.com/watch?v=QkubQCI4Fxo
145,https://www.youtube.com/watch?v=cRJPvUlPVLc
146,https://www.youtube.com/watch?v=XJv7egX9FcQ
147,https://www.youtube.com/watch?v=UhU4tVcC7fk
148,https://www.youtube.com/watch?v=kO6WzAvO1HQ
149,https://www.youtube.com/watch?v=YF1sBlYZghg
150,https://www.youtube.com/watch?v=dUaTmh3aric
151,https://www.youtube.com/watch?v=W4NeW_9FQd0
152,https://www.youtube.com/watch?v=94GJhkmR1Xc
153,https://www.youtube.com/watch?v=bw7nopG95Pw
154,https://www.youtube.com/watch?v=aeQnQ-vjtuY
155,https://www.youtube.com/watch?v=0sY0pTNDoWo
156,https://www.youtube.com/watch?v=lFdEZPWTquU
157,https://www.youtube.com/watch?v=bLshNdVPGGc
158,https://www.youtube.com/watch?v=xbRFrsHyXY4
159,https://www.youtube.com/watch?v=eq1-rQ9wYI8
160,https://www.youtube.com/watch?v=FXqoPVC72xs
161,https://www.youtube.com/watch?v=28HH-ufdeqc
162,https://www.youtube.com/watch?v=ccj9Bs_jNUY
163,https://www.youtube.com/watch?v=M53_8laVluw
164,https://www.youtube.com/watch?v=BPEP0HphcGs
165,https://www.youtube.com/watch?v=2jaHqwnbBN4
166,https://www.youtube.com/watch?v=qVILJPiGGDM
167,https://www.youtube.com/watch?v=33Fl57fb7oY
168,https://www.youtube.com/watch?v=8ryF_Ro9dis
169,https://www.youtube.com/watch?v=CKwAEKGwj3U
170,https://www.youtube.com/watch?v=0pss7E6IF_8
171,https://www.youtube.com/watch?v=SLpnCzUW_6w
172,https://www.youtube.com/watch?v=y7WhxtTvfck
173,https://www.youtube.com/watch?v=SBoMC80UaG0
174,https://www.youtube.com/watch?v=4OnwUz-I2GI
175,https://www.youtube.com/watch?v=CwpEJfvhaNc
176,https://www.youtube.com/watch?v=N1hl2MINAQw
177,https://www.youtube.com/watch?v=9nYHEb9LTM4
178,https://www.youtube.com/watch?v=BkCNQSqEKSA
179,https://www.youtube.com/watch?v=sUqrai5gkpw
180,https://www.youtube.com/watch?v=0-nqhBhdLs0
181,https://www.youtube.com/watch?v=7ym8Gg1UDWg
182,https://www.youtube.com/watch?v=KhuDutYEbVA
183,https://www.youtube.com/watch?v=psDO1rPFQ1Y
184,https://www.youtube.com/watch?v=agcxqXO0Dps
185,https://www.youtube.com/watch?v=-6WD98IQQFA
186,https://www.youtube.com/watch?v=9I1PlRwyVDw
187,https://www.youtube.com/watch?v=vin2CjR7viI
188,https://www.youtube.com/watch?v=Strjq-WZF7Y
189,https://www.youtube.com/watch?v=X3paOmcrTjQ
190,https://www.youtube.com/watch?v=lP1hb4BFAWA
191,https://www.youtube.com/watch?v=qcqT5SqE8BY
192,https://www.youtube.com/watch?v=Vsi2Wn6mAlc
193,https://www.youtube.com/watch?v=BgpIzWmcEhA
194,https://www.youtube.com/watch?v=tBU65SsJG_8
195,https://www.youtube.com/watch?v=dM_MzB2sCQk
196,https://www.youtube.com/watch?v=355u2bDqB7c
197,https://www.youtube.com/watch?v=dYZJxhYjBE8
198,https://www.youtube.com/watch?v=4OZip0cgOho
199,https://www.youtube.com/watch?v=iLcvvVXBSFo
200,https://www.youtube.com/watch?v=bM58Js0m-2A
201,https://www.youtube.com/watch?v=csG_qfOTvxw
202,https://www.youtube.com/watch?v=xC-c7E5PK0Y
203,https://www.youtube.com/watch?v=KdgQvgE3ji4
204,https://www.youtube.com/watch?v=qoxCynmob7I
205,https://www.youtube.com/watch?v=NXoN3-BZpsQ
206,https://www.youtube.com/watch?v=Rr4i9l80Ecs
207,https://www.youtube.com/watch?v=Dt89dX0c7Cw
208,https://www.youtube.com/watch?v=LZTMwaNAMuU
209,https://www.youtube.com/watch?v=Vfo5le26IhY
210,https://www.youtube.com/watch?v=de7ZUb1fH3s
211,https://www.youtube.com/watch?v=FGjYeKSfLr4
212,https://www.youtube.com/watch?v=S8MmsBsGP-Q
213,https://www.youtube.com/watch?v=-ETQ97mXXF0
214,https://www.youtube.com/watch?v=_uQrJ0TkZlc
215,
216,https://www.youtube.com/watch?v=u2zsY-2uZiE
217,https://www.youtube.com/watch?v=GJaYfNiY4to
218,https://www.youtube.com/watch?v=cVxELmATmOU
219,https://www.youtube.com/watch?v=ua-CiDNNj30
220,https://www.youtube.com/watch?v=k2P_pHQDlp0
221,https://www.youtube.com/watch?v=Vs_ko7lF71w
222,https://www.youtube.com/watch?v=edvg4eHi_Mw
223,https://www.youtube.com/watch?v=iJUzouXg5kY
224,https://www.youtube.com/watch?v=rfscVS0vtbw
225,https://www.youtube.com/watch?v=Scg59_McA8Q
226,https://www.youtube.com/watch?v=XrOLiypGDCQ
227,https://www.youtube.com/watch?v=im1Xkj9gU9s
228,https://www.youtube.com/watch?v=XOgx6OyGF1Y
229,https://www.youtube.com/watch?v=Bi7f1JSSlh8
230,https://www.youtube.com/watch?v=lXvPopmYJ5E
231,https://www.youtube.com/watch?v=I74ymkoNTnw
232,https://www.youtube.com/watch?v=uOVhmOzX4VE
233,https://www.youtube.com/watch?v=czVeSFH4dWc
234,https://www.youtube.com/watch?v=6Hm1pNqQxq0
235,https://www.youtube.com/watch?v=63NTeLmDANo
236,https://www.youtube.com/watch?v=HcqpanDadyQ
237,https://www.youtube.com/watch?v=9f-GarcDY58
238,https://www.youtube.com/watch?v=OuPMVdski3E
239,https://www.youtube.com/watch?v=aircAruvnKk
240,https://www.youtube.com/watch?v=fSytzGwwBVw
241,https://www.youtube.com/watch?v=i04Pfrb71vk
242,https://www.youtube.com/watch?v=5cFUZ03Sbhc
243,https://www.youtube.com/watch?v=hjh1ikznScg
244,https://www.youtube.com/watch?v=EIVyQThUrq8
245,https://www.youtube.com/watch?v=uoifG7TgF2k
246,https://www.youtube.com/watch?v=f_uwKZIAeM0
247,https://www.youtube.com/watch?v=kKYloh7_k5s
248,https://www.youtube.com/watch?v=k6lYkR0A6iI
249,https://www.youtube.com/watch?v=GwIo3gDZCVQ
250,https://www.youtube.com/watch?v=_uQrJ0TkZlc
251,https://www.youtube.com/watch?v=-ETQ97mXXF0
252,
253,https://www.youtube.com/watch?v=VwVg9jCtqaU
254,https://www.youtube.com/watch?v=LCvCLZc_XLc
255,https://www.youtube.com/watch?v=vEBYLnHacQM
256,https://www.youtube.com/watch?v=cyLWtMSry58
257,https://www.youtube.com/watch?v=iahQOQZVdog
258,https://www.youtube.com/watch?v=9r2VVM4nfk8
259,https://www.youtube.com/watch?v=pHiMN_gy9mk
260,https://www.youtube.com/watch?v=RnFGwxJwx-0
261,https://www.youtube.com/watch?v=rfscVS0vtbw
262,https://www.youtube.com/watch?v=sDv4f4s2SB8
263,https://www.youtube.com/watch?v=H6Zpk5lL_1s
264,https://www.youtube.com/watch?v=ukzFI9rgwfU
265,https://www.youtube.com/watch?v=K5YTQSCohbc
266,https://www.youtube.com/watch?v=fhUfRIeRSZE
267,https://www.youtube.com/watch?v=ISxpTXXZCqc
268,https://www.youtube.com/watch?v=2tL_0y_R1lE
269,https://www.youtube.com/watch?v=aEsXspkt4lk
270,https://www.youtube.com/watch?v=DagTKwy2FsA
271,https://www.youtube.com/watch?v=BAD-9SkknWo
272,https://www.youtube.com/watch?v=3tm4aUZazDI
273,https://www.youtube.com/watch?v=DtISPzRn0fc
274,https://www.youtube.com/watch?v=1rNAIB0qjAQ
275,https://www.youtube.com/watch?v=e4PTvXtz4GM
276,https://www.youtube.com/watch?v=x-Qw394_uRc
277,https://www.youtube.com/watch?v=VLX59t9yUwY
278,https://www.youtube.com/watch?v=vUM7VnqWz5Q
279,https://www.youtube.com/watch?v=a2hMZPBqtog
280,https://www.youtube.com/watch?v=ZcmtlE4J-94
281,https://www.youtube.com/watch?v=3tkDfNuJS3A
282,https://www.youtube.com/watch?v=6vDAN3mnGig
283,https://www.youtube.com/watch?v=_KomtGXzT3o
284,https://www.youtube.com/watch?v=AXPnz3iebkM
285,https://www.youtube.com/watch?v=6_0-uEgEcI0
286,https://www.youtube.com/watch?v=SYPUiDvObVA
287,https://www.youtube.com/watch?v=xW5xMJ7T3QM
288,https://www.youtube.com/watch?v=ndxUg-sG2BM
289,https://www.youtube.com/watch?v=FJliMTWEOfs
290,https://www.youtube.com/watch?v=PAc5ToNhGNw
291,https://www.youtube.com/watch?v=g2KsVwli6mY
292,https://www.youtube.com/watch?v=NeZFiSTsc4A
293,https://www.youtube.com/watch?v=kvymoFdjuHw
294,https://www.youtube.com/watch?v=lAEeQSh_3Wk
295,https://www.youtube.com/watch?v=tHZLXbRHcU0
296,https://www.youtube.com/watch?v=oDA8j4sqzLE
297,https://www.youtube.com/watch?v=STkGAMU4xKE
298,https://www.youtube.com/watch?v=HtOvoKE_vT0
299,https://www.youtube.com/watch?v=C2R2XAMlqrc
300,https://www.youtube.com/watch?v=PGTDuChxyPY
301,https://www.youtube.com/watch?v=Tm4f0lXPlgA
302,https://www.youtube.com/watch?v=4gDJBEyxiMQ
303,https://www.youtube.com/watch?v=2xRErv9OT_s
304,https://www.youtube.com/watch?v=4semdEFL4Gk
305,https://www.youtube.com/watch?v=OQ3zhkkEwRg
306,https://www.youtube.com/watch?v=bYYtAuwP_P8
307,https://www.youtube.com/watch?v=3Px3rp0oW1k
308,https://www.youtube.com/watch?v=lAq51HO_o50
309,https://www.youtube.com/watch?v=Z5Vvpn-awnY
310,https://www.youtube.com/watch?v=kOGGCGAb2d4
311,https://www.youtube.com/watch?v=mciEZKSvva8
312,https://www.youtube.com/watch?v=RQ7n7Uebw6Y
313,https://www.youtube.com/watch?v=LMrP-uK_SAo
314,https://www.youtube.com/watch?v=zHtg-nAhDoE
315,https://www.youtube.com/watch?v=FfunUnpwX34
316,https://www.youtube.com/watch?v=WLP_L7Mgz6M
317,https://www.youtube.com/watch?v=4V3uB12mRrU
318,https://www.youtube.com/watch?v=jU9ad2C0EDI
319,https://www.youtube.com/watch?v=s-devXZPSyQ
320,https://www.youtube.com/watch?v=xfGEW2AhgOU
321,https://www.youtube.com/watch?v=Xz50kbJ0hXY
322,https://www.youtube.com/watch?v=3xX997E42Ro
323,https://www.youtube.com/watch?v=vg-96Got_PA
324,https://www.youtube.com/watch?v=k_GM1JA608Y
325,https://www.youtube.com/watch?v=_jHeXEJseBk
326,https://www.youtube.com/watch?v=yxZQPcMTdJw
327,https://www.youtube.com/watch?v=JKAuJma-ulY
328,https://www.youtube.com/watch?v=MljYZi1IcWw
329,https://www.youtube.com/watch?v=dxPhJ0wfp0g
330,https://www.youtube.com/watch?v=-erBfpPiPZU
331,https://www.youtube.com/watch?v=sJK67XXE_Rg
332,https://www.youtube.com/watch?v=eaR3DhAqkKs
333,
334,https://www.youtube.com/watch?v=s9jS1c4H5lk
335,https://www.youtube.com/watch?v=ULNR__vpCMo
336,https://www.youtube.com/watch?v=dTFnq_wJiZw
337,https://www.youtube.com/watch?v=d3FGcit43-o
338,https://www.youtube.com/watch?v=eFV2RpM8Sbs
339,https://www.youtube.com/watch?v=33x46RxbYhA
340,https://www.youtube.com/watch?v=3yrP7klBO1I
341,https://www.youtube.com/watch?v=Iw_dbGdkkSw
342,https://www.youtube.com/watch?v=RdqoaSuUcFo
343,https://www.youtube.com/watch?v=fidTuLfFsq8
344,https://www.youtube.com/watch?v=aK9ZmRaROoc
345,https://www.youtube.com/watch?v=-lCQMFC2D5Q
346,https://www.youtube.com/watch?v=1jgHbGBb_Cc
347,https://www.youtube.com/watch?v=c96uKMSz5HQ
348,https://www.youtube.com/watch?v=UuJS5QJpxmA
349,https://www.youtube.com/watch?v=j5TMxX3wssk
350,https://www.youtube.com/watch?v=HBT412342uw
351,https://www.youtube.com/watch?v=Y8Tko2YC5hA
352,https://www.youtube.com/watch?v=y3qZFu3gmYE
353,https://www.youtube.com/watch?v=XLnimroGCIg
354,https://www.youtube.com/watch?v=T936yTchDck
355,https://www.youtube.com/watch?v=9e_hOnOvJOE
356,https://www.youtube.com/watch?v=4F2m91eKmts
357,https://www.youtube.com/watch?v=piTMNBINGKA
358,https://www.youtube.com/watch?v=HIj8wU_rGIU
359,https://www.youtube.com/watch?v=WGJJIrtnfpk
360,https://www.youtube.com/watch?v=pJ3IPRqiD2M
361,https://www.youtube.com/watch?v=J0Aq44Pze-w
362,https://www.youtube.com/watch?v=k9TUPpGqYTo
363,https://www.youtube.com/watch?v=76vTbQ5Wf-A
364,https://www.youtube.com/watch?v=YYXdXT2l-Gg
365,https://www.youtube.com/watch?v=Eijmv78piU4
366,https://www.youtube.com/watch?v=XGf2GcyHPhc
367,https://www.youtube.com/watch?v=kLZuut1fYzQ
368,https://www.youtube.com/watch?v=PAPG8NI0iUI
369,https://www.youtube.com/watch?v=A32HF0SsEzI
370,https://www.youtube.com/watch?v=t5Nmi9KDonw
371,https://www.youtube.com/watch?v=_uQrJ0TkZlc
372,https://www.youtube.com/watch?v=m_0UMFNOTTA
373,
374,https://www.youtube.com/watch?v=SPOWikw5N78
375,https://www.youtube.com/watch?v=Ne4awwvc988
376,https://www.youtube.com/watch?v=wMBDuxHahdE
377,https://www.youtube.com/watch?v=417ANPkqMug
378,https://www.youtube.com/watch?v=iE7BpqtfgYA
379,https://www.youtube.com/watch?v=aHaOIvR00So
380,https://www.youtube.com/watch?v=8DvywoWv6fI
381,https://www.youtube.com/watch?v=rfscVS0vtbw
382,https://www.youtube.com/watch?v=cRELNmDpaks
383,https://www.youtube.com/watch?v=iSQH-yZCQ9E
384,https://www.youtube.com/watch?v=ihk_Xglr164
385,https://www.youtube.com/watch?v=3dy_PYF9xOI
386,https://www.youtube.com/watch?v=4pFVZP9Yh3s
387,https://www.youtube.com/watch?v=WViqKHq96mw
388,https://www.youtube.com/watch?v=_tLHRCTagZE
389,https://www.youtube.com/watch?v=pA40VH8SoqM
390,https://www.youtube.com/watch?v=APF04UhQEoE
391,https://www.youtube.com/watch?v=kj25OQ20GFI
392,https://www.youtube.com/watch?v=M91TUimxJnc
393,https://www.youtube.com/watch?v=rMcXfgVBhkY
394,https://www.youtube.com/watch?v=yXzPLOVrvcM
395,https://www.youtube.com/watch?v=_zNfsL0R9CU
396,https://www.youtube.com/watch?v=2m3X9NtLVzg
397,https://www.youtube.com/watch?v=TCNWp9rjDsQ
398,https://www.youtube.com/watch?v=qyZTQUNgv4Q
399,https://www.youtube.com/watch?v=DgQcrUZNuxg
400,https://www.youtube.com/watch?v=fEZ1S7RwD6k
401,https://www.youtube.com/watch?v=ZW5gp0IKag4
402,https://www.youtube.com/watch?v=sF9doyJbFLk
403,https://www.youtube.com/watch?v=59P4JmAexnc
404,https://www.youtube.com/watch?v=x8Z0PcwOI_c
405,https://www.youtube.com/watch?v=Rm-x4maMAks
406,https://www.youtube.com/watch?v=SUKDey0-7bs
407,https://www.youtube.com/watch?v=mVPoHpazkVM
408,https://www.youtube.com/watch?v=Q7bzLQlXBj4
409,https://www.youtube.com/watch?v=Snz0VAwJXY4
410,https://www.youtube.com/watch?v=lX9SDbhnYYU
411,https://www.youtube.com/watch?v=Sd6KIQrJ_xk
412,https://www.youtube.com/watch?v=wra5-39LDcI
413,https://www.youtube.com/watch?v=UDxyybahXlc
414,https://www.youtube.com/watch?v=qK-ZIGcFr6k
415,https://www.youtube.com/watch?v=TKybm_hdKTA
416,https://www.youtube.com/watch?v=Az3URMqIGtY
417,https://www.youtube.com/watch?v=tJ4hzj-iX38
418,https://www.youtube.com/watch?v=X9llqhaclPw
419,https://www.youtube.com/watch?v=ItGtzbLud8w
420,https://www.youtube.com/watch?v=gP0xoRrf8i0
421,https://www.youtube.com/watch?v=JWqaTJbxbW0
422,https://www.youtube.com/watch?v=MWa3acAMddA
423,https://www.youtube.com/watch?v=LDZX4ooRsWs
424,https://www.youtube.com/watch?v=qgXY51Cx6iI
425,https://www.youtube.com/watch?v=afSsw6WSwls
426,https://www.youtube.com/watch?v=iLDtdo4weKw
427,https://www.youtube.com/watch?v=vzabDtXvsUI
428,https://www.youtube.com/watch?v=XcxwOVNyfFY
429,https://www.youtube.com/watch?v=CGres9g0DTE
430,https://www.youtube.com/watch?v=cNa3ZxKt0WA
431,https://www.youtube.com/watch?v=lYn39NnSbGU
432,https://www.youtube.com/watch?v=a-VCL7U_JEA
433,https://www.youtube.com/watch?v=pKSPj-_WLtE
434,https://www.youtube.com/watch?v=7nQhWhI89kQ
435,https://www.youtube.com/watch?v=2bnTz--tfpQ
436,https://www.youtube.com/watch?v=8c_4nn447Fo
437,https://www.youtube.com/watch?v=n2dcP5ucfeU
438,https://www.youtube.com/watch?v=EfAiS0VX-Es
439,https://www.youtube.com/watch?v=FK3dav4bA4s
440,https://www.youtube.com/watch?v=8v6BWMvEoBo
441,https://www.youtube.com/watch?v=_UbDeqPdUek
442,https://www.youtube.com/watch?v=RXHKxmgBd7s
443,https://www.youtube.com/watch?v=xmU0s2QtaEY
444,https://www.youtube.com/watch?v=rMs06PfdJlU
445,https://www.youtube.com/watch?v=xeqJU7PLseg
446,https://www.youtube.com/watch?v=SAcpESN_Fk4
447,https://www.youtube.com/watch?v=-Xw21JYIXjM
448,https://www.youtube.com/watch?v=eqxTdSybKww
449,https://www.youtube.com/watch?v=A5pSnIwbpaM
450,https://www.youtube.com/watch?v=1UpAV2byuGg
451,https://www.youtube.com/watch?v=uFcZhH_wFbs
452,https://www.youtube.com/watch?v=xwidefc2wpc
453,https://www.youtube.com/watch?v=6xeChrdyxJE
454,https://www.youtube.com/watch?v=kXmqwRj0o4E
455,https://www.youtube.com/watch?v=xIgBDHXrfNg
456,https://www.youtube.com/watch?v=mDKLfCCoqvw
457,https://www.youtube.com/watch?v=atTF_LtPUes
458,https://www.youtube.com/watch?v=TeCkm-BEZ-8
459,https://www.youtube.com/watch?v=D1KaD1u0z34
460,https://www.youtube.com/watch?v=bOx--_Qphs0
461,https://www.youtube.com/watch?v=5YU4lLxi0go
462,https://www.youtube.com/watch?v=7nQhWhI89kQ
463,https://www.youtube.com/watch?v=sBtYhhsFGwg
464,https://www.youtube.com/watch?v=jenVMnOi2uA
465,https://www.youtube.com/watch?v=2bnTz--tfpQ
466,https://www.youtube.com/watch?v=c8i0hjegneY
467,https://www.youtube.com/watch?v=68JOgtt15Zs
468,https://www.youtube.com/watch?v=hwC3gIbfcWs
469,https://www.youtube.com/watch?v=kOJrmrSevKM
470,https://www.youtube.com/watch?v=10ZTTyTziYw
471,https://www.youtube.com/watch?v=Tx4wYi2S0Go
472,https://www.youtube.com/watch?v=yoecv7Noq1A
473,https://www.youtube.com/watch?v=h0CC8PwxsXw
474,https://www.youtube.com/watch?v=DXUAyRRkI6k
475,https://www.youtube.com/watch?v=9Ciyd4AggzI
476,https://www.youtube.com/watch?v=IkvIKjzF7YE
477,https://www.youtube.com/watch?v=cp2GLUrQ2lc
478,https://www.youtube.com/watch?v=B1QZLyQh-Ss
479,https://www.youtube.com/watch?v=7al0I1w1LcQ
480,https://www.youtube.com/watch?v=rMs06PfdJlU
481,https://www.youtube.com/watch?v=-olqqcTBbAI
482,https://www.youtube.com/watch?v=4BPhSCEeymc
483,https://www.youtube.com/watch?v=sPyAQQklc1s
484,https://www.youtube.com/watch?v=GibiNy4d4gc
485,https://www.youtube.com/watch?v=a5V6gdu5ih8
486,https://www.youtube.com/watch?v=dJU9ZkPorDE
487,https://www.youtube.com/watch?v=lQHwkN_VQQM
488,https://www.youtube.com/watch?v=Y-UGS6op5xo
489,https://www.youtube.com/watch?v=OMkEVX23BdM
490,https://www.youtube.com/watch?v=uFcZhH_wFbs
491,https://www.youtube.com/watch?v=ODhSu5t9080
492,https://www.youtube.com/watch?v=Z8hI5uqpy_w
493,https://www.youtube.com/watch?v=xOleukLZJ5g
494,https://www.youtube.com/watch?v=HoRkntoHkIE
495,https://www.youtube.com/watch?v=nmhQhByH1nY
496,https://www.youtube.com/watch?v=_8WPqqzMoX0
497,https://www.youtube.com/watch?v=v2AT7oSGZbQ
498,https://www.youtube.com/watch?v=LzPPAw5tnqs
499,https://www.youtube.com/watch?v=Y5SBhyk-1cA
500,https://www.youtube.com/watch?v=88iKZQ7D6Mo
501,https://www.youtube.com/watch?v=q-SdZe-cEFk
502,https://www.youtube.com/watch?v=dcHWmDQYzyU
503,https://www.youtube.com/watch?v=lbSOLBMUvIE
504,https://www.youtube.com/watch?v=ZmF8_g5H8fg
505,https://www.youtube.com/watch?v=Vr2FLgmWCJA
506,https://www.youtube.com/watch?v=l56xgEYWocY
507,https://www.youtube.com/watch?v=mpWY4ck6yr4
508,https://www.youtube.com/watch?v=ZjE9T-KQZOU
509,https://www.youtube.com/watch?v=1cJOr3M7AkE
510,https://www.youtube.com/watch?v=i5QI1CcZA18
511,https://www.youtube.com/watch?v=kkSlknHI7zk
512,https://www.youtube.com/watch?v=DHEOF_rcND8
513,https://www.youtube.com/watch?v=E9-k7wtS3bg
514,https://www.youtube.com/watch?v=wDcXOl6YN0o
515,https://www.youtube.com/watch?v=5GL9JoH4Sws
516,https://www.youtube.com/watch?v=ZAYZmIfHEiU
517,https://www.youtube.com/watch?v=tS4-FkqSQDs
518,https://www.youtube.com/watch?v=7E_tuzkycWo
519,https://www.youtube.com/watch?v=8QHoD33cKak
520,
521,https://www.youtube.com/watch?v=IumYMCllMsM
522,https://www.youtube.com/watch?v=tchwaHmU1AE
523,https://www.youtube.com/watch?v=n69-eVLtevc
524,https://www.youtube.com/watch?v=ClzTDsQDC0E
525,https://www.youtube.com/watch?v=0_SztpoCoJ8
526,https://www.youtube.com/watch?v=XyDl-uQVt9M
527,https://www.youtube.com/watch?v=-bbSYeCm3yY
528,https://www.youtube.com/watch?v=_BiRtVOJCnc
529,https://www.youtube.com/watch?v=gDOzq0h_6QU
530,https://www.youtube.com/watch?v=_JV3P0mOImE
531,https://www.youtube.com/watch?v=eAFXKcslbA0
532,https://www.youtube.com/watch?v=sie_GVaw0N8
533,https://www.youtube.com/watch?v=6Dt7DXL4VVc
534,https://www.youtube.com/watch?v=lArdjYGasXw
535,https://www.youtube.com/watch?v=qPhVZExcGXg
536,https://www.youtube.com/watch?v=UIxWiJGvLjg
537,https://www.youtube.com/watch?v=oMKtyT4j_JE
538,https://www.youtube.com/watch?v=wdA4PwlH4bg
539,https://www.youtube.com/watch?v=F0wRj3UnoYI
540,https://www.youtube.com/watch?v=fT7LTaGzcok
541,https://www.youtube.com/watch?v=F0Jty1hnzy4
542,https://www.youtube.com/watch?v=LAhOFGT4jgk
543,https://www.youtube.com/watch?v=Qiw4xPFZqWU
544,https://www.youtube.com/watch?v=1hmqeQeQLTc
545,https://www.youtube.com/watch?v=Pb4k0PXXymU
546,https://www.youtube.com/watch?v=mGrQCiHsWlY
547,https://www.youtube.com/watch?v=Ftzp713lVV4
548,https://www.youtube.com/watch?v=qjoK53K2qUQ
549,https://www.youtube.com/watch?v=G9nVCGUppJc
550,https://www.youtube.com/watch?v=fIdQmdAon0k
551,https://www.youtube.com/watch?v=Ofmr2toT4C0
552,https://www.youtube.com/watch?v=waQUEly4kPw
553,https://www.youtube.com/watch?v=u8DoxSiHNb4
554,https://www.youtube.com/watch?v=BhWWiCwRb7s
555,https://www.youtube.com/watch?v=8N93gNQJ6sw
556,https://www.youtube.com/watch?v=-I51I1qVsyg
557,https://www.youtube.com/watch?v=Hd2-b1p_NVA
558,https://www.youtube.com/watch?v=6W_qs_Usylg
559,https://www.youtube.com/watch?v=KGAzkM_sf3I
560,https://www.youtube.com/watch?v=voT-xADi-RE
561,https://www.youtube.com/watch?v=9ZiOgWmWhXs
562,https://www.youtube.com/watch?v=T52cEofR8WI
563,https://www.youtube.com/watch?v=5m1AlzygbJI
