,Video Link,Video Title,Views,Uploaded Date,Likes on Video,Dislikes on Video
0,https://www.youtube.com/watch?v=bWWTk-pZX5g,8 fiction books you need to readüìö(& that will keep you entertained during your quarantine),"382,446 views",23 Mar 2020,18K,341
1,https://www.youtube.com/watch?v=gyK9USvrvDQ,Top 10 BEST SELLING Books In History,"575,824 views",25 Aug 2018,12K,992
2,https://www.youtube.com/watch?v=GihybX7JyG4,(Full Audiobook) This Book Will Change Everything! (Amazing!),"4,692,014 views",26 Oct 2017,61K,4.3K
3,https://www.youtube.com/watch?v=4f2OCYaqLdE,I Read Every Book Joe from You Recommended,"1,977,658 views",25 Jan 2020,99K,734
4,https://www.youtube.com/watch?v=imA5NPX4ucU,SUPER BIG BOOKHAUL aka *leo has a book buying problem *‚ú®üìö,"2,450 views",23 Jul 2020,233,0
5,https://www.youtube.com/watch?v=QgU1zoZJQDM,Rock Bottom Remainders support the Book Industry Charitable Foundation,"17,872 views",Premiered 17 hours ago,393,2
6,https://www.youtube.com/watch?v=zAS1nXFqBM8,15 Books Steve Jobs Thought Everyone Should Read,"255,169 views",1 May 2019,9.2K,189
7,https://www.youtube.com/watch?v=Dk9mcJtIuCs,15 Business Books Everyone Should Read,"1,834,917 views",26 Nov 2017,60K,1K
8,https://www.youtube.com/watch?v=THtKW5hy3u4,20 books to read in 2020,"358,861 views",20 Feb 2020,15K,161
9,https://www.youtube.com/watch?v=eTFy8RnUkoU,How Bill Gates reads books,"4,906,542 views",10 Oct 2017,102K,2.1K
10,https://www.youtube.com/watch?v=a47dqygseGo,15 Books Bill Gates Thinks Everyone Should Read,"1,163,884 views",30 Sep 2018,34K,996
11,https://www.youtube.com/watch?v=6Gw5dK48MtI,"Why books are here to stay | Small Thing Big Idea, a TED series","197,098 views",28 Jan 2020,8.1K,127
12,https://www.youtube.com/watch?v=2pWCyUys6lM,15 Books JORDAN PETERSON Thinks Everyone Should Read,"514,182 views",25 Sep 2019,19K,530
13,https://www.youtube.com/watch?v=v9TDLenqbzM,SAVE ONE DROP ONE: BOOK EDITION,"29,485 views",23 Jul 2020,2.9K,11
14,https://www.youtube.com/watch?v=pNar3Dh9zDk,I read 721 books in 2018,"6,706,981 views",29 Dec 2018,546K,11K
15,https://www.youtube.com/watch?v=XuXhqIsb2sk,5 Books That Changed My Life,"583,637 views",20 Nov 2019,24K,343
16,https://www.youtube.com/watch?v=wJdNrCeUdhc,Can You Name a Book? ANY Book???,"8,179,449 views",17 May 2018,124K,6K
17,https://www.youtube.com/watch?v=osqNn_9HdgU,World's Best Life Changing Book - By Sandeep Maheshwari | Hindi,"2,138,537 views",10 Jul 2020,149K,1.9K
18,https://www.youtube.com/watch?v=lviVCr1dK1o,How To Improve English By Reading Books - Speak Fluently in English in 30 days - Day 17,"1,672,079 views",31 Mar 2020,67K,1.3K
19,https://www.youtube.com/watch?v=8tKuviI68Ss,How I Read 100 Books a Year - 8 Tips for Reading More,"655,104 views",30 Oct 2019,25K,656
20,https://www.youtube.com/watch?v=EcHXbIp1AEw,READ-A-THON READING VLOG: 3 Books & 700 Pages!,"19,933 views",23 Jul 2020,1.2K,4
21,https://www.youtube.com/watch?v=dKAixirAIVk,9 Books Every Aspiring Millionaire Must Read,"494,239 views",22 Nov 2019,30K,297
22,https://www.youtube.com/watch?v=dv4zUPs2JQc,Favourite Books by Indian Authors || Best Indian Books to Read,"177,256 views",16 Mar 2018,5.6K,178
23,https://www.youtube.com/watch?v=xeUWvnHXikQ,The best books to read that we should be reading - Jordan Peterson,"324,418 views",18 May 2019,8.2K,235
24,https://www.youtube.com/watch?v=8H9jTlrpl4s,11 Books for Beginners || Book Recommendations For All Types of People,"833,025 views",21 Mar 2018,27K,933
25,https://www.youtube.com/watch?v=sm9pNiYpiDY,Napoleon Hill's THINK and GROW RICH Book Summary by 2000 Books,"528,128 views",7 Dec 2018,15K,346
26,https://www.youtube.com/watch?v=lIW5jBrrsS0,BOOKSTORES: How to Read More Books in the Golden Age of Content,"2,208,180 views",Premiered on 23 Apr 2019,215K,1.3K
27,https://www.youtube.com/watch?v=K5oyGK7YCBk,5 Books You Must Read in 2020 If You Hate Reading | Life Changing Books | ChetChat,"490,068 views",24 Jan 2020,19K,292
28,https://www.youtube.com/watch?v=dIrrROL2pRE,5 Books You Must Read! Gaur Gopal Das,"643,538 views",Premiered on 28 Jun 2020,35K,533
29,https://www.youtube.com/watch?v=lb8jeSp77dY,Meri Book Recommendations & Collection,"85,828 views",Streamed live on 21 Jul 2020,9.7K,198
30,https://www.youtube.com/watch?v=JNib3HUCg2M,15 Best Books to Get Rich,"80,772 views",19 Jul 2020,6.6K,40
31,https://www.youtube.com/watch?v=ll2C2J6Q3SY,How To Read a Book a Week | Jim Kwik,"8,251,320 views",6 Dec 2017,40K,549
32,https://www.youtube.com/watch?v=RX3gpe8jYJ4,Learn Alphabet A to Z | ABC Preschool Book Learning A for APPLE Phonetics,"7,899,260 views",18 Jun 2019,LIKE,DISLIKE
33,https://www.youtube.com/watch?v=u7OAMv-XfKs,MAKING CHILDREN'S BOOKS | an easy tutorial | Part One,"3,301 views",23 Jul 2020,LIKE,DISLIKE
34,https://www.youtube.com/watch?v=-f0NzGe6AqM,Earn Money Online from Books | ‡§ò‡§∞ ‡§¨‡•à‡§†‡•á ‡§ï‡§Æ‡§æ‡§ì ‡§ï‡§ø‡§§‡§æ‡§¨‡•ã‡§Ç ‡§∏‡•á | by Him eesh Madaan,"539,647 views",11 Apr 2020,34K,925
35,https://www.youtube.com/watch?v=OeZAn0GcUow,I Read A Book A Week (Here's What Happened),"68,978 views",22 Jul 2020,5.7K,64
36,https://www.youtube.com/watch?v=pm8oXab3zSk,How to Read More Books (And How Not to),"83,689 views",15 Jul 2020,7.6K,79
37,https://www.youtube.com/watch?v=6yy6RgPH9to,Quiet book family doll house,"13,099,062 views",21 Mar 2019,43K,12K
38,https://www.youtube.com/watch?v=6Zu6cw5UjSg,"7 Books You Must Read If You Want More Success, Happiness and Peace","2,182,373 views",31 Jul 2018,78K,1K
39,https://www.youtube.com/watch?v=4AW54-7UUE0,Recommending Books For Every Genre I Read [CC],"22,044 views",23 Jul 2020,1.7K,8
40,https://www.youtube.com/watch?v=fhbZT0Dpipc,5 Books YOU SHOULD READ THIS YEAR For Self Improvement,"50,666 views",13 Jul 2020,5K,19
41,https://www.youtube.com/watch?v=69z122eUdDc,"Mann (1999) (HD & Eng Subs) - Aamir Khan, Manisha Koirala, Anil Kapoor- Hit Bollywood Romantic Movie","20,682,849 views",1 Jun 2018,70K,14K
42,https://www.youtube.com/watch?v=SJaY_kiXBzY,DIY - How To Make Excavator Transport with Magnetic Balls (Satisfying) | Magnetic Man 4K,"22,125,797 views",4 Jan 2020,63K,27K
43,https://www.youtube.com/watch?v=ZkIIAiqDGJ0,"Mann Jukebox - Full Album Songs | Aamir, Manisha, Sanjeev Darshan","17,981,343 views",6 Apr 2014,58K,15K
44,https://www.youtube.com/watch?v=AqAJLh9wuZ0,Taylor Swift - The Man (Official Video),"45,939,052 views",Premiered on 27 Feb 2020,1.3M,154K
45,https://www.youtube.com/watch?v=dANdTnL7GxE,Logic - Man I Is (Official Audio),"123,932 views",23 Jul 2020,9.8K,34
46,https://www.youtube.com/watch?v=RHZhi0a-CPQ,Child's Play - Richard Ayoade's Gadget Man: The FULL Episodes | Gadget Man S2 Episode 3,"12,506 views",23 Jul 2020,263,3
47,https://www.youtube.com/watch?v=LdHzeCYnuC0,GTA 5 Epic Ragdolls | Spider-Man ep.52 (Euphoria Physics),"42,233,486 views",18 Nov 2019,141K,48K
48,https://www.youtube.com/watch?v=pECuHYLnLyo,GTA 5 Water Ragdolls | MEGALODON vs Spider-Man Jumps/Fails ep.48,"47,985,584 views",21 Oct 2019,167K,46K
49,https://www.youtube.com/watch?v=j8w7DzNgShg,"Mann (HD & Eng Subs)Hindi Full Movie - Aamir Khan, Manisha Koirala, Anil Kapoor - 90's Romantic Film","65,990,443 views",18 May 2018,249K,45K
50,https://www.youtube.com/watch?v=uyM6Wyg0xPg,Old Man Strength At Muscle Beach,"76,374,287 views",6 Jul 2016,601K,21K
51,https://www.youtube.com/watch?v=DaFRheiGED0,MAN 2020,"2,728,977 views",26 Apr 2020,178K,5.4K
52,https://www.youtube.com/watch?v=B_UBX7WMU7g,Meet the Fake Spider-Man (Spider-Men Side Mission) - SPIDER-MAN PS4,"24,858,497 views",8 Sep 2018,147K,10K
53,https://www.youtube.com/watch?v=54IYi9JRPV4,SPIDER-MAN BATTLE! (FULL FIGHT) | FFH vs. SPIDER-VERSE vs. IRON SPIDER vs. RAIMI & MORE!,"14,017,006 views",16 Aug 2019,93K,13K
54,https://www.youtube.com/watch?v=ia1iuXbEaYQ,Selena Gomez - Rare (Official Music Video),"76,996,892 views",Premiered on 10 Jan 2020,2.1M,60K
55,https://www.youtube.com/watch?v=mggVxZj5HTs,How Spider-Man 2 Should Have Ended,"1,557,792 views",22 Jul 2020,97K,3K
56,https://www.youtube.com/watch?v=A870mS0bN-E,SPIDER-MAN vs Captain America vs Iron Man (Part 2/3),"118,531,403 views",2 Nov 2016,336K,76K
57,https://www.youtube.com/watch?v=J_tfZd8Pz4k,Spider-Man Pranked By Thor | Avengers Endgame,"151,841,292 views",2 Feb 2016,410K,146K
58,https://www.youtube.com/watch?v=YJMZ9rCdGZk,Leicester vs Man Unitedüî•Ian Wright Match Prediction Finish in The Top 3 & review,"26,040 views",24 Jul 2020,444,13
59,https://www.youtube.com/watch?v=6R2USoz__Mk,Man Tries to Cartwheel out of Police Custody || ViralHog,"4,141 views",23 Jul 2020,62,3
60,https://www.youtube.com/watch?v=wFeoLnr8Pn0,"Bharatpur royal Raja Man Singh Death Case explained, Significance of Mathura Court's Judgement #UPSC","88,189 views",Streamed live on 23 Jul 2020,6.9K,89
61,https://www.youtube.com/watch?v=LhZyHIZpzoM,"Person, Woman, Man, Camera, TV: The Movie","238,982 views",24 Jul 2020,7.9K,101
62,https://www.youtube.com/watch?v=yRhRZB-nqOU,Spider-Man 2 - Stopping the Train Scene (7/10) | Movieclips,"97,604,811 views",8 Dec 2016,334K,58K
63,https://www.youtube.com/watch?v=KF4hH8wUXWw,BIG HULK VS SPIDERMAN - THE INCREDIBLE HULK VS SPIDER-MAN (2002),"241,594,683 views",29 Sep 2016,642K,283K
64,https://www.youtube.com/watch?v=iaWr41rDkm0,A man and his silent treatment!,"59,559 views",22 Jul 2020,4.4K,81
65,https://www.youtube.com/watch?v=IBV_loY5Kc0,TEAM IRONMAN VS TEAM SPIDER-MAN | Running Challenge #4 (Funny Contest) - GTA V Mods,"5,742,054 views",21 Jun 2020,22K,8.5K
66,https://www.youtube.com/watch?v=ejKvwawO0uA,"Trump Proves His Cognitive Abilities With Five Magical Words: Person, Woman, Man, Camera, TV","1,808,340 views",23 Jul 2020,35K,1K
67,https://www.youtube.com/watch?v=WfGMYdalClU,MAN,"42,674,960 views",21 Dec 2012,1M,84K
68,https://www.youtube.com/watch?v=tbEekLA7J3Y,Taylor Swift - The Man (Lyric Video),"12,403,804 views",7 Feb 2020,474K,13K
69,https://www.youtube.com/watch?v=oagAkrKUzK8,Ben 10 Transforming in to Spider Man - FAN MADE,"4,608,591 views",Premiered on 11 Apr 2020,15K,4.8K
70,https://www.youtube.com/watch?v=j8oaaP68i4s,How to person woman man camera tv,"2,054,215 views",23 Jul 2020,60K,914
71,https://www.youtube.com/watch?v=oWATWGigIWM,Khushiyan Aur Gham | Mann (1999) | Aamir Khan | Manisha Koirala | Sharmila Tagore | Bollywood Song,"7,251,717 views",16 Dec 2019,39K,2.9K
72,https://www.youtube.com/watch?v=D61XWb1jSQU,Person Woman Man Camera TV -- Trump PROUD that he aced that five-word cognitive test,"25,184 views",23 Jul 2020,99,11
73,https://www.youtube.com/watch?v=3IIBVnn4eTM,ÎßàÎßàÎ¨¥ (Mamamoo) - Piano Man MV,"15,881,561 views",20 Nov 2014,176K,1.8K
74,https://www.youtube.com/watch?v=9jpsuaZlIss,Chaha Hai Tujhko | Mann (1999) | Aamir Khan | Manisha Koirala | Udit Narayan Romantic Song,"33,579,298 views",27 Nov 2019,179K,18K
75,https://www.youtube.com/watch?v=c54UJZr8ECI,TEAM IRONMAN VS TEAM SPIDER-MAN Running Challenge - GTA V MODS,"916,460 views",4 Jul 2020,4.9K,1.5K
76,https://www.youtube.com/watch?v=pCkLHDt9s1M,‡§µ‡§ø‡§∂‡§æ‡§≤ ‡§Æ‡§®‡•Å‡§∑‡•ç‡§Ø Giant Man Funny Comedy Story ‡§π‡§ø‡§Ç‡§¶‡•Ä ‡§ï‡§π‡§æ‡§®‡§ø‡§Ø Hindi Kahaniya Comedy Video,"3,306,040 views",19 Jul 2020,19K,4.6K
77,https://www.youtube.com/watch?v=ap8c7h3hiik,Akele Hum Akele Tum | Hindi Movies 2017 Full Movie | Aamir Khan Movies | Bollywood Full Movies,"44,923,540 views",13 Jan 2017,134K,26K
78,https://www.youtube.com/watch?v=jKCj3XuPG8M,BAD BOYS FOR LIFE - Official Trailer,"14,582,102 views",4 Sep 2019,123K,4.4K
79,https://www.youtube.com/watch?v=oXLpd-tb5mo,Vir the robot boy | Action Cartoon Video | New Compilation - 02 | Kids Cartoons | Wow Cartoons,"4,012,269 views",4 Jul 2020,18K,8K
80,https://www.youtube.com/watch?v=aBt8fN7mJNg,Backstreet Boys - Show Me The Meaning Of Being Lonely,"179,152,007 views",25 May 2011,838K,25K
81,https://www.youtube.com/watch?v=Z_4ULKpkLNc,ZZ Top - Rough Boy (Official Music Video),"9,919,659 views",26 Jul 2013,52K,1.9K
82,https://www.youtube.com/watch?v=FCJeVbVWSxk,Vir the robot boy | Action Cartoon Video | New Compilation - 58 | Kids Cartoons | Wow Cartoons,"13,399,202 views",16 Apr 2020,60K,28K
83,https://www.youtube.com/watch?v=m1V98q63P8M,Best Episodes Of Vir The Robot Boy | Cartoon For Kids | Compilation 67 | Wow Kidz Action,"406,850 views",22 Jul 2020,1.8K,787
84,https://www.youtube.com/watch?v=-6otjTZTwLU,Best Episodes Of Vir The Robot Boy | Cartoon For Kids | Compilation 66 | Wow Kidz Action,"1,836,362 views",15 Jul 2020,8.8K,3.8K
85,https://www.youtube.com/watch?v=LVFZx-lJsL0,'BOY STORY Official Weibo' 1 million subscribers !! Special Video !!,"60,992 views",21 Jul 2020,16K,33
86,https://www.youtube.com/watch?v=6pA_Tou-DPI,Girls' Generation ÏÜåÎÖÄÏãúÎåÄ 'The Boys' MV (KOR Ver.),"243,204,483 views",18 Oct 2011,1.5M,98K
87,https://www.youtube.com/watch?v=0Gl2QnHNpkA,Backstreet Boys - As Long As You Love Me (Clive's Cut),"268,029,655 views",25 May 2011,1M,37K
88,https://www.youtube.com/watch?v=7NFaS1i_nlY,Vir The Robot Boy | Non Stop Action | Cartoon For Kids | Compilation 59,"2,784,882 views",11 Jun 2020,11K,5.3K
89,https://www.youtube.com/watch?v=eYwbGaSurCQ,STORMZY - OWN IT (feat. ED SHEERAN & BURNA BOY),"47,851,933 views",Premiered on 22 Nov 2019,534K,13K
90,https://www.youtube.com/watch?v=4fndeDfaWCg,Backstreet Boys - I Want It That Way (Official Music Video),"795,225,317 views",25 Oct 2009,3.7M,139K
91,https://www.youtube.com/watch?v=-wv0yyoGYLI,"Full Video: Bad Boy | Saaho | Prabhas, Jacqueline Fernandez | Badshah, Neeti Mohan","45,734,046 views",9 Sep 2019,351K,20K
92,https://www.youtube.com/watch?v=5g0Zn4AzPmw,Grand Masti | Taantra Boy | Birbal Musafir | Rajeev Negi | CL Chauhan |Himalayan Boys,"81,349 views",20 Jul 2020,4K,129
93,https://www.youtube.com/watch?v=iILJvqrAQ_w,Charlie Puth - BOY [Official Audio],"23,910,341 views",10 May 2018,197K,4.4K
94,https://www.youtube.com/watch?v=l9PxOanFjxQ,"Fall Out Boy - Immortals (Official Music Video) (From ""Big Hero 6"")","236,837,018 views",13 Oct 2014,1.8M,54K
95,https://www.youtube.com/watch?v=_90JjgZo9Ts,A girl and boy what they play like this?,"375,689 views",19 Jul 2020,277,108
96,https://www.youtube.com/watch?v=XsX3ATc3FbA,BTS (Î∞©ÌÉÑÏÜåÎÖÑÎã®) 'ÏûëÏùÄ Í≤ÉÎì§ÏùÑ ÏúÑÌïú Ïãú (Boy With Luv) (feat. Halsey)' Official MV,"863,461,109 views",12 Apr 2019,16M,970K
97,https://www.youtube.com/watch?v=H5hngjI3Oqs,Vir the robot boy vs little singham fight /vir the robo boy death by little singham? Vir new episode,"3,750,194 views",23 Apr 2020,11K,4.3K
98,https://www.youtube.com/watch?v=foXqdLnWtmg,Summer Morning Routine! *POPULAR GIRL vs NERDY BOY*,"1,621,857 views",21 Jul 2020,38K,3K
99,https://www.youtube.com/watch?v=ZnvnUEzScj4,Primitive Boy Saves Komodo Dragon From Python Attack - Most Amazing Wild Animal Attack,"81,065,542 views",26 Dec 2018,143K,51K
100,https://www.youtube.com/watch?v=2r9UuF9yWwQ,"Vir the robot boy, unlimited action to Action episode, new shiva robo boy episode","1,072,666 views",3 Jul 2020,9.2K,2K
101,https://www.youtube.com/watch?v=65vg74PXUBQ,Most Watch New Villege Boy Comedy Video 2019 | Episode 32 | #MahaFunTv,"1,462,310 views",21 May 2019,3.4K,1K
102,https://www.youtube.com/watch?v=j0mkLJ0KeI8,Vir : The Robot Boy | Vir Action Collection - 30 | Action series | WowKidz Action,"86,854,424 views",28 Jan 2018,244K,95K
103,https://www.youtube.com/watch?v=hsdYrIbyZog,Vir The Robot Boy | Ailan E Jung Movie | Part 2 | Cartoon Movies For Kids | Wow Kidz,"903,238 views",17 Jul 2020,4.3K,1.5K
104,https://www.youtube.com/watch?v=mPRy1B4t5YA,Charli XCX - Boys [Official Video],"124,962,484 views",26 Jul 2017,1.9M,60K
105,https://www.youtube.com/watch?v=eJSik6ejkr0,"Naughty Boy ft. Beyonc√©, Arrow Benjamin - Runnin' (Lose It All) [Official Video]","388,018,869 views",17 Sep 2015,1.8M,68K
106,https://www.youtube.com/watch?v=wvLICdyyXTQ,Vir the robot boy | Action Cartoon Video | New Compilation - 65 | Kids Cartoons | Wow Cartoons,"4,396,696 views",4 Jun 2020,19K,9.2K
107,https://www.youtube.com/watch?v=4-QMpR1L6XM,Unlock! Escape Attitude Boy,"58,979 views",23 Jul 2020,4.3K,23
108,https://www.youtube.com/watch?v=6M6samPEMpM,Backstreet Boys - Everybody (Backstreet's Back) (Official Music Video),"250,141,090 views",25 May 2011,1.4M,52K
109,https://www.youtube.com/watch?v=3O1_3zBUKM8,Naughty Boy - La la la ft. Sam Smith (Official Video),"1,032,456,720 views",18 Apr 2013,5.1M,332K
110,https://www.youtube.com/watch?v=lPe09eE6Xio,Burna Boy - Ye [Official Music Video],"94,446,117 views",6 Aug 2018,526K,17K
111,https://www.youtube.com/watch?v=HO5XDxmRpuw,Vir The Robot Boy | HERO No 1 | Part 1 | Cartoon Movies For Kids | Wow Kidz,"461,018 views",24 Jul 2020,2.8K,1.3K
112,https://www.youtube.com/watch?v=bkZEPgBqAu8,The Boys Season 2 - First Look Clip: The Whale | Amazon Prime Video,"815,349 views",23 Jul 2020,23K,299
113,https://www.youtube.com/watch?v=e6nrMtfA2X8,Vir the robot boy | Action Cartoon Video | New Compilation - 05 | Kids Cartoons | Wow Cartoons,"130,681 views",24 Jul 2020,666,280
114,https://www.youtube.com/watch?v=oq-sImFlgkU,New Top Funny Stupid Boys | Very Comedy Video 2019,"1,072,381 views",29 Nov 2019,4.1K,1.1K
115,https://www.youtube.com/watch?v=QnG22TS9glo,A GIRL NEED SWEETY BABY BOY TO ENJOY,"285,349 views",21 Jul 2020,374,123
116,https://www.youtube.com/watch?v=uDWvg1bEzp0,Boyfriend Answers Questions Girls Are Too Afraid To Ask | Korean German Couple,"456,152 views",20 Jul 2020,54K,124
117,https://www.youtube.com/watch?v=aJOTlE1K90k,,"2,742,772,351 views",30 May 2018,16M,705K
118,https://www.youtube.com/watch?v=F57P9C4SAW4,Katy Perry - California Gurls (Official) ft. Snoop Dogg,"537,685,504 views",14 Jun 2010,2.1M,147K
119,https://www.youtube.com/watch?v=qGNnJF877dg,weekend getaway w the girls!,"29,542 views",23 Jul 2020,3.1K,9
120,https://www.youtube.com/watch?v=9OgTLaedeVg,Girls' Night Out On A BUDGET!,"35,719 views",24 Jul 2020,2.5K,80
121,https://www.youtube.com/watch?v=bMZJ9QqsflM,Police Rescue 2 Girls Stuck In Chhindwara's Pench River Who Went In For A Selfie,"10,818 views",23 Jul 2020,165,6
122,https://www.youtube.com/watch?v=afKBOFONecE,FUNNY THINGS ONLY GIRLS UNDERSTAND || Girls' Struggles And Problems by 123 GO!,"14,020,216 views",30 Apr 2020,106K,14K
123,https://www.youtube.com/watch?v=z8jNKa6Nvzw,"[ENG SUB] My Girl 22 (Zhao Yiqin, Li Jiaqi) (2020) | Dating a handsome but ""miserly"" CEO","129,046 views",Premiered 18 hours ago,3.5K,54
124,https://www.youtube.com/watch?v=6kahnkJGiu0,COOL TRICKS AND HACKS YOU NEED TO TRY || Hacks For Smart Girls by 123 GO!,"2,636,970 views",18 Jul 2020,30K,2.5K
125,https://www.youtube.com/watch?v=MtlXssrc01M,Boy hands souvenir over to girl behind him,"16,563,611 views",5 Sep 2014,150K,2.4K
126,https://www.youtube.com/watch?v=0LcbrwwvNo8,Girls Problems with Long Legs and Short Legs / Short People vs Tall People Problems,"14,596,711 views",1 Jun 2020,95K,13K
127,https://www.youtube.com/watch?v=3kZ2vL1GMWI,BEST RANDOM GIRLS SQUAD EVER - Joining Random Girls Squad Like A BOT - Jaguar Gaming PUBG Unbanned,"30,144 views",24 Jul 2020,2.8K,61
128,https://www.youtube.com/watch?v=ZjuA_o6Jzyo,Haim - Summer Girl,"6,431,166 views",Premiered on 31 Jul 2019,87K,5.1K
129,https://www.youtube.com/watch?v=-GGXQjmSytQ,Watch | MP Police Rescue Girls from River Who Went in for Selfie,"15,015 views",24 Jul 2020,53,5
130,https://www.youtube.com/watch?v=Hfwt7hqe52o,üòç Random Conqueror Girl Call me Noob and I challenge for Tdm Room 1vs3 | PUBGMOBILE | PART 6,"339,696 views",24 Jul 2020,33K,1K
131,https://www.youtube.com/watch?v=p4kVWCSzfK4,"David Guetta - Where Them Girls At ft. Nicki Minaj, Flo Rida (Official Video)","299,645,152 views",28 Jun 2011,1.2M,36K
132,https://www.youtube.com/watch?v=ExJmET8boVw,"Rita Ora - Girls ft. Cardi B, Bebe Rexha & Charli XCX (Official Video)","75,754,553 views",6 Jun 2018,856K,58K
133,https://www.youtube.com/watch?v=ZKxb0BJu2-I,Girls Like Girls - Juliantina,"150,555 views",8 Jan 2019,1.4K,68
134,https://www.youtube.com/watch?v=QcnsuUEgyU0,,,,,
135,https://www.youtube.com/watch?v=KT6ReWCkE10,Girls Problems with Long Nails and Short Nails,"14,520,320 views",9 Apr 2020,93K,13K
136,https://www.youtube.com/watch?v=dFr0OzL1yWQ,Billie Eilish - all the good girls go to hell (Live From The American Music Awards/2019),"29,672,131 views",25 Nov 2019,869K,27K
137,https://www.youtube.com/watch?v=0t63oWosHA0,Pittsburgh Slim - Girls Kiss Girls,"44,644,445 views",16 Jun 2009,120K,33K
138,https://www.youtube.com/watch?v=4mlHvf6Jr9w,MLB | Girls Time,"142,124 views",22 Jul 2020,1K,38
139,https://www.youtube.com/watch?v=Y-fqWMaXb8A,"Tyga - Girls Have Fun (Official Video) ft. Rich The Kid, G-Eazy","140,661,505 views",8 Feb 2019,923K,30K
140,https://www.youtube.com/watch?v=2fOuXToM_eA,My Little Pony: Equestria Girls | X Marks The Spots | MLPEG Shorts Season 1 | MLP: Equestria Girls,"252,957 views",21 Jul 2020,2.4K,297
141,https://www.youtube.com/watch?v=ejVktqDqzFs,"Does ""Hiccup Girl"" Jennifer Mee Deserve A Life Sentence!??","427,655 views",23 Jul 2020,21K,376
142,https://www.youtube.com/watch?v=QkubQCI4Fxo,The 1975 - Girls (Official Video),"62,803,388 views",23 Oct 2013,441K,12K
143,https://www.youtube.com/watch?v=cRJPvUlPVLc,ü§¨ Random GIRL GAMER Challenged this YouTuber and Made fun of Him in PUBG Mobile,"279,391 views",24 Jul 2020,38K,551
144,https://www.youtube.com/watch?v=XJv7egX9FcQ,Periods Prank with girl | Funky Joker,"656,608 views",23 Jul 2020,45K,2K
145,https://www.youtube.com/watch?v=UhU4tVcC7fk,Monster School - Herobrine Love Curse vs Girls - Sad Story Minecraft Animation,"1,348 watching now",,1.6K,312
146,https://www.youtube.com/watch?v=kO6WzAvO1HQ,2 Best Smart Phones Under 20000 July 2020 | Tech Swami,"25,703 views",9 Jul 2020,1K,121
147,https://www.youtube.com/watch?v=YF1sBlYZghg,"Cheapest IPhone X, Vivo, oppo, Mi, Oneplus, Samsung Smart Phones | Second hand mobile market | Delhi","1,882,493 views",5 Oct 2019,55K,3.7K
148,https://www.youtube.com/watch?v=dUaTmh3aric,Stop buying expensive smart phones,"899,196 views",25 Feb 2020,28K,1.4K
149,https://www.youtube.com/watch?v=W4NeW_9FQd0,Learn How to Operate Your 1st Android Smartphone | Tech Tak,"58,271 views",15 Jan 2018,1K,80
150,https://www.youtube.com/watch?v=94GJhkmR1Xc,üî•üî• Top 5 4G Smartphones only ‚Çπ 3000,"224,118 views",13 Apr 2020,4K,545
151,https://www.youtube.com/watch?v=bw7nopG95Pw,Top Upcoming Smartphones - May 2020üî•üî•üî•,"788,081 views",1 May 2020,43K,1.7K
152,https://www.youtube.com/watch?v=aeQnQ-vjtuY,Top 13 BEST Smartphones of 2020 (Mid Year).,"3,649,939 views",2 May 2020,107K,3.9K
153,https://www.youtube.com/watch?v=0sY0pTNDoWo,Top 5 Samsung Upcoming Smartphones - Sabse Saste Budget To Flagship Phones,"59,580 views",17 Jul 2020,3.9K,143
154,https://www.youtube.com/watch?v=lFdEZPWTquU,"Top 6 Best Smartphonesüî• Under Rs 20,000 in India | Value For Money Phonesüí™","330,956 views",24 Jun 2020,19K,838
155,https://www.youtube.com/watch?v=bLshNdVPGGc,"Top 6 Best BUDGET Smartphonesüì± Under Rs.10,000 In Indiaüî• [JUNE 2020]","222,156 views",10 Jun 2020,14K,604
156,https://www.youtube.com/watch?v=xbRFrsHyXY4,Top 5 Budget Smartphones 2020 - Under $500!,"56,802 views",13 Jun 2020,1.4K,93
157,https://www.youtube.com/watch?v=eq1-rQ9wYI8,"TOP 5 UPCOMING PHONES under 20,000 in AUGUST 2020","24,940 views",21 Jul 2020,2.6K,107
158,https://www.youtube.com/watch?v=FXqoPVC72xs,I bought the cheapest smartphones ever.,"4,992,443 views",19 Apr 2020,150K,5K
159,https://www.youtube.com/watch?v=28HH-ufdeqc,Top 10+ Best Upcoming Smartphones Launches‚ö°‚ö° August 2020 India üî•üî•,"76,638 views",20 Jul 2020,3.6K,173
160,https://www.youtube.com/watch?v=ccj9Bs_jNUY,Best Android Phones - Summer 2020,"85,504 views",13 May 2020,1.1K,85
161,https://www.youtube.com/watch?v=M53_8laVluw,"Best Smartphones Under ‚Çπ15000‚ö°‚ö°‚ö°July 2020 | 90Hz vs Super Amoled | Samsung, Redmi, Poco, Realme","67,657 views",24 Jul 2020,5.7K,289
162,https://www.youtube.com/watch?v=BPEP0HphcGs,Top Upcoming Smartphones - July 2020,"30,772 views",27 Jun 2020,941,27
163,https://www.youtube.com/watch?v=2jaHqwnbBN4,Top 5 BEST Smartphones of 2020.... So Far,"358,592 views",7 Jun 2020,9.2K,648
164,https://www.youtube.com/watch?v=qVILJPiGGDM,TOP 5 MOBILE PHONES UNDER 5000 BUDGET ‚ö°‚ö°‚ö° 2019,"1,265,642 views",19 Apr 2019,46K,2.5K
165,https://www.youtube.com/watch?v=33Fl57fb7oY,Top 5 Best Smartphones Under ‚Çπ20000 Budget ‚ö°‚ö°‚ö°July 2020,"728,404 views",10 Jul 2020,43K,2K
166,https://www.youtube.com/watch?v=8ryF_Ro9dis,"Top Best Smartphones Under ‚Çπ15000 * July 2020 * | Samsung , Vivo , Redmi , Poco , Realme","355,618 views",13 Jul 2020,28K,1.2K
167,https://www.youtube.com/watch?v=CKwAEKGwj3U,#BoycottChina BEST NON-CHINESE SMARTPHONES to Buy in June 2020 üî• | Don't Buy Wrong Phone!,"155,781 views",25 May 2020,8.1K,768
168,https://www.youtube.com/watch?v=0pss7E6IF_8,Top 20 BEST Smartphones of 2019.,"2,840,142 views",12 Nov 2019,82K,3.2K
169,https://www.youtube.com/watch?v=SLpnCzUW_6w,"Best Phones Under ‚Çπ 30,000 (After 2020 GST Hike)","113,546 views",9 Jul 2020,6.4K,361
170,https://www.youtube.com/watch?v=y7WhxtTvfck,Top 5 Best Mobile Phones Under ‚Çπ15000 Budget ‚ö°‚ö°‚ö° June 2020,"1,846,466 views",15 Jun 2020,90K,3.6K
171,https://www.youtube.com/watch?v=SBoMC80UaG0,,,,3.6K,245
172,https://www.youtube.com/watch?v=4OnwUz-I2GI,Smartphone Awards 2019!,"5,771,061 views",23 Dec 2019,206K,7.2K
173,https://www.youtube.com/watch?v=CwpEJfvhaNc,"Top 10+ Upcoming Smartphone Launches in India August 2020 ""NON CHINESE""| Oneplus Ka Sasta 5G Kab?","144,385 views",19 Jul 2020,13K,513
174,https://www.youtube.com/watch?v=N1hl2MINAQw,Best Budget Smartphones Under ¬£300 (Summer 2020),"118,242 views",1 Jul 2020,3.6K,108
175,https://www.youtube.com/watch?v=9nYHEb9LTM4,Top Upcoming Smartphones - June 2020üî•üî•üî•,"957,083 views",1 Jun 2020,79K,2.6K
176,https://www.youtube.com/watch?v=BkCNQSqEKSA,Top 5 World Best Smartphones May 2020,"503,147 views",17 Apr 2020,3.9K,431
177,https://www.youtube.com/watch?v=sUqrai5gkpw,Best Smartphones under 30000 in July 2020 | Best Flagship Mobiles under 30000,"24,659 views",20 Jul 2020,457,60
178,https://www.youtube.com/watch?v=0-nqhBhdLs0,"Top 5 Best Flagship Phones Under 50,000 Budget ‚ö°‚ö°‚ö° July 2020","212,244 views",1 Jul 2020,16K,729
179,https://www.youtube.com/watch?v=7ym8Gg1UDWg,Top 5 Best Mobile Phones Under ‚Çπ10000 Budget ‚ö°‚ö°‚ö° June 2020,"1,484,747 views",6 Jun 2020,96K,3.1K
180,https://www.youtube.com/watch?v=KhuDutYEbVA,Top Upcoming Smartphones August 2020üî•üî•üî•,"6,505 views",23 Jul 2020,477,24
181,https://www.youtube.com/watch?v=psDO1rPFQ1Y,How Smartphones Are Made in Factory,"4,337,578 views",21 Nov 2019,43K,2.4K
182,https://www.youtube.com/watch?v=agcxqXO0Dps,Top Upcoming Smartphones - July 2020üî•üî•üî•,"1,184,150 views",1 Jul 2020,87K,3.3K
183,https://www.youtube.com/watch?v=-6WD98IQQFA,Best Smart Phones 2020 | E Review,"5,013 views",Premiered on 21 Jul 2020,52,0
184,https://www.youtube.com/watch?v=9I1PlRwyVDw,"TOP 5 BEST MOBILE PHONES UNDER ‚Çπ15000 BUDGET üì±‚ö°Ô∏èFt. Samsung, Vivo, Realme, Xiaomi , Honor","404,863 views",20 May 2020,17K,427
185,https://www.youtube.com/watch?v=vin2CjR7viI,10 MOST UNUSUAL AND COOLEST SMARTPHONES,"7,551,144 views",20 Jan 2018,43K,6.1K
186,https://www.youtube.com/watch?v=Strjq-WZF7Y,Top Smartphones of 2020? ft. MKBHD,"1,486,714 views",24 Mar 2020,62K,1.4K
187,https://www.youtube.com/watch?v=X3paOmcrTjQ,Data Science In 5 Minutes | Data Science For Beginners | What Is Data Science? | Simplilearn,"1,142,163 views",4 Dec 2018,15K,617
188,https://www.youtube.com/watch?v=lP1hb4BFAWA,Step By Step Action Plan For Learning Data Science in 2020,"145,328 views",26 Jan 2020,5.2K,78
189,https://www.youtube.com/watch?v=qcqT5SqE8BY,Data Science in Hindi,"239,762 views",25 Feb 2019,9.4K,321
190,https://www.youtube.com/watch?v=Vsi2Wn6mAlc,Entry Level Data Science Jobs | Which Data Science Role to Choose & How to Build a Good Resume?,"76,836 views",21 Feb 2020,1.9K,29
191,https://www.youtube.com/watch?v=BgpIzWmcEhA,"How to become Data Scientist? Sexiest Job / Salary? Ft. Ex-Google, Facebook, Microsoft Engineer","42,463 views",15 Jul 2020,2K,31
192,https://www.youtube.com/watch?v=tBU65SsJG_8,How To Become A Data Scientist In India (in 2020),"70,685 views",29 Jan 2020,2.9K,40
193,https://www.youtube.com/watch?v=dM_MzB2sCQk,Data Scientist Salary: How much a data scientist earn,"10,003 views",4 Jan 2020,176,6
194,https://www.youtube.com/watch?v=355u2bDqB7c,Live-Discussing All Hyperparameter Tuning Techniques Data Science Machine Learning,"5,050 views",Streamed live on 23 Jul 2020,321,4
195,https://www.youtube.com/watch?v=dYZJxhYjBE8,Real Talk with Instagram Data Scientist,"858,007 views",20 Dec 2018,12K,524
196,https://www.youtube.com/watch?v=4OZip0cgOho,How I Would Learn Data Science (If I Had to Start Over),"473,940 views",8 May 2020,18K,394
197,https://www.youtube.com/watch?v=iLcvvVXBSFo,HOW TO BECOME DATA SCIENTIST IN 2020- in Hindi| SALARY OF DATA SCIENTIST| Sangwans Studio|,"431,868 views",16 Nov 2019,26K,772
198,https://www.youtube.com/watch?v=bM58Js0m-2A,What is data science In telugu-‡∞°‡±á‡∞ü‡∞æ ‡∞∏‡±à‡∞®‡±ç‡∞∏‡±ç ‡∞Ö‡∞Ç‡∞ü‡±á ‡∞è‡∞Æ‡∞ø‡∞ü‡∞ø-9059868766 Artificial intelligence AI Demo,"51,841 views",16 Oct 2017,519,94
199,https://www.youtube.com/watch?v=csG_qfOTvxw,How To Learn Data Science Smartly?,"647,807 views",22 Aug 2019,23K,297
200,https://www.youtube.com/watch?v=xC-c7E5PK0Y,What REALLY is Data Science? Told by a Data Scientist,"1,474,452 views",22 Jun 2018,55K,757
201,https://www.youtube.com/watch?v=KdgQvgE3ji4,Data Science in 8 Minutes | Data Science for Beginners | What is Data Science? | Edureka,"163,995 views",31 Mar 2019,3.6K,59
202,https://www.youtube.com/watch?v=qoxCynmob7I,IIT Madras Online B.Sc. Degree/Diploma in Programming and Data Science üî•|| Without JEE,"28,112 views",1 Jul 2020,1.3K,59
203,https://www.youtube.com/watch?v=NXoN3-BZpsQ,My Path on Becoming a Data Scientist- Motivation,"120,715 views",9 Aug 2019,3.3K,119
204,https://www.youtube.com/watch?v=Rr4i9l80Ecs,A day in the life of a data science student | EXAM WEEK,"34,661 views",19 Dec 2018,662,27
205,https://www.youtube.com/watch?v=Dt89dX0c7Cw,Salary Of Data Scientist In India And US In 2020,"59,561 views",25 Jan 2020,1.4K,38
206,https://www.youtube.com/watch?v=LZTMwaNAMuU,Most frequently asked Data Science Interview Questions(2020),66 views,24 Jul 2020,7,0
207,https://www.youtube.com/watch?v=Vfo5le26IhY,Statistics for Data Science | Probability and Statistics | Statistics Tutorial | Ph.D. (Stanford),"387,920 views",19 Dec 2019,10K,156
208,https://www.youtube.com/watch?v=de7ZUb1fH3s,A Day in The Life of a Data Scientist üë®üèª‚Äçüíª| upGrad,"1,811,011 views",22 Nov 2019,LIKE,DISLIKE
209,https://www.youtube.com/watch?v=FGjYeKSfLr4,Live- Data Science Virtual Interview By Krish And Sudhanshu-Part 1,"9,549 views",Streamed live 17 hours ago,611,14
210,https://www.youtube.com/watch?v=S8MmsBsGP-Q,Data Science & Artificial Intelligence Career Advice by Real-Life Data Scientists,"160,805 views",4 Dec 2019,3.7K,106
211,https://www.youtube.com/watch?v=-ETQ97mXXF0,Data Science Full Course - Learn Data Science in 10 Hours | Data Science For Beginners | Edureka,"817,519 views",18 Aug 2019,19K,243
212,https://www.youtube.com/watch?v=_uQrJ0TkZlc,Python Tutorial - Python for Beginners [Full Course],"11,655,706 views",18 Feb 2019,365K,2.8K
213,https://www.youtube.com/watch?v=u2zsY-2uZiE,Data Science Tutorial | Data Science for Beginners | Python for Data Science | 11 Hours Full Course,"377,142 views",3 Feb 2020,13K,165
214,https://www.youtube.com/watch?v=GJaYfNiY4to,How to Learn Data Science in 2020 | Step By Step Action Plan for Learning Data Science | Edureka,"15,056 views",5 Jun 2020,396,6
215,https://www.youtube.com/watch?v=cVxELmATmOU,Data Science ‡Æ™‡Æ±‡Øç‡Æ±‡Æø ‡Æí‡Æ∞‡ØÅ ‡Æé‡Æ≥‡Æø‡ÆØ ‡Æµ‡Æø‡Æ≥‡Æï‡Øç‡Æï‡ÆÆ‡Øç,"19,771 views",19 Oct 2019,923,5
216,https://www.youtube.com/watch?v=ua-CiDNNj30,Learn Data Science Tutorial - Full Course for Beginners,"866,798 views",30 May 2019,22K,328
217,https://www.youtube.com/watch?v=k2P_pHQDlp0,AI VS ML VS DL VS Data Science,"663,904 views",26 Nov 2019,23K,473
218,https://www.youtube.com/watch?v=Vs_ko7lF71w,DATA SCIENCE ‡Æé‡Æ©‡Øç‡Æ±‡Ææ‡Æ≤‡Øç ‡Æé‡Æ©‡Øç‡Æ©? (Tamil),"27,736 views",15 Dec 2018,975,22
219,https://www.youtube.com/watch?v=edvg4eHi_Mw,Python for Data Science | Data Science with Python | Python for Data Analysis | 11 Hours Full Course,"296,121 views",14 Jan 2020,10K,116
220,https://www.youtube.com/watch?v=iJUzouXg5kY,Demystifying Data Science | Mr.Asitang Mishra | TEDxOakLawn,"45,855 views",23 Jul 2019,1.1K,29
221,https://www.youtube.com/watch?v=rfscVS0vtbw,Learn Python - Full Course for Beginners [Tutorial],"16,638,437 views",11 Jul 2018,399K,4.4K
222,https://www.youtube.com/watch?v=Scg59_McA8Q,Highest Paid Jobs of Future | Data Scientist Complete Detail Hindi | Courses | Salary | Degree's,"150,291 views",7 Nov 2019,7.3K,248
223,https://www.youtube.com/watch?v=XrOLiypGDCQ,How to become a data scientist for free? | Step by step approach to become data scientist,"17,568 views",15 Dec 2019,836,11
224,https://www.youtube.com/watch?v=im1Xkj9gU9s,Meet The 12-Year-Old Who Is Working As A Data Scientist In Hyderabad,"281,051 views",30 Nov 2019,9.1K,382
225,https://www.youtube.com/watch?v=XOgx6OyGF1Y,FREE Data Science Online Courses with FREE certificate,"3,884 views",15 Jul 2020,352,5
226,https://www.youtube.com/watch?v=Bi7f1JSSlh8,Most Research in Deep Learning is a Total Waste of Time - Jeremy Howard | AI Podcast Clips,"78,495 views",10 Sep 2019,2.3K,84
227,https://www.youtube.com/watch?v=lXvPopmYJ5E,Best Books For Machine Learning 2020 | These Books Will Help You Learn Machine Learning |Simplilearn,"1,637 views",Streamed live 16 hours ago,93,3
228,https://www.youtube.com/watch?v=I74ymkoNTnw,üñ•Ô∏è HOW TO GET STARTED WITH MACHINE LEARNING!,"698,977 views",20 Feb 2018,35K,921
229,https://www.youtube.com/watch?v=uOVhmOzX4VE,Machine Learning Full Course - Learn Machine Learning | Machine Learning Tutorial | Intellipaat,"265,920 views",17 Apr 2020,8.3K,311
230,https://www.youtube.com/watch?v=czVeSFH4dWc,Sundar Pichai: How machine learning & deep learning improved technologies,"48,043 views",16 Jan 2017,541,9
231,https://www.youtube.com/watch?v=6Hm1pNqQxq0,Machine Learning Vs Artificial Intelligence? Same or Different?,"525,062 views",29 Mar 2018,25K,1.1K
232,https://www.youtube.com/watch?v=63NTeLmDANo,What is machine learning and how to learn it ?,"1,049,634 views",29 Jul 2017,18K,1.4K
233,https://www.youtube.com/watch?v=HcqpanDadyQ,What is Machine Learning?,"535,575 views",24 Aug 2017,8.1K,114
234,https://www.youtube.com/watch?v=9f-GarcDY58,Machine Learning Tutorial | Machine Learning Full Course | Learn Machine Learning | Simplilearn,"432,832 views",29 Aug 2019,9.6K,137
235,https://www.youtube.com/watch?v=OuPMVdski3E,Machine Learning in Hindi | Machine Learning Tutorial in Hindi | Python for Machine Learning | 2020,"82,555 views",16 Apr 2020,2.9K,33
236,https://www.youtube.com/watch?v=aircAruvnKk,"But what is a Neural Network? | Deep learning, chapter 1","7,359,847 views",5 Oct 2017,187K,1.6K
237,https://www.youtube.com/watch?v=fSytzGwwBVw,Machine Learning Fundamentals: Cross Validation,"241,539 views",24 Apr 2018,7.9K,102
238,https://www.youtube.com/watch?v=i04Pfrb71vk,Difference between Classification and Regression - Georgia Tech - Machine Learning,"113,632 views",23 Feb 2015,655,100
239,https://www.youtube.com/watch?v=5cFUZ03Sbhc,Why Machine Learning is The Future? | Sundar Pichai Talks About Machine Learning,"803,132 views",21 Feb 2017,7.4K,254
240,https://www.youtube.com/watch?v=hjh1ikznScg,Machine Learning Basics | What Is Machine Learning? | Introduction To Machine Learning | Edureka,"45,585 views",31 Mar 2019,715,25
241,https://www.youtube.com/watch?v=EIVyQThUrq8,Machine Learning? Teaching Computers!!! What is it?,"190,630 views",9 Jul 2016,6.6K,353
242,https://www.youtube.com/watch?v=uoifG7TgF2k,How Did I Learn Machine Learning in 3 Months,"229,442 views",18 Sep 2019,7.8K,255
243,https://www.youtube.com/watch?v=f_uwKZIAeM0,What is Machine Learning?,"286,454 views",11 Jan 2017,1.6K,45
244,https://www.youtube.com/watch?v=kKYloh7_k5s,Life as an AI Researcher & Machine Learning Engineer | Technology | J.P. Morgan,"29,997 views",27 Feb 2020,LIKE,DISLIKE
245,https://www.youtube.com/watch?v=k6lYkR0A6iI,How to start machine learning as a software engineer in 5 steps!,"99,408 views",4 May 2019,2.6K,143
246,https://www.youtube.com/watch?v=GwIo3gDZCVQ,Machine Learning Full Course - Learn Machine Learning 10 Hours | Machine Learning Tutorial | Edureka,"724,841 views",22 Sep 2019,13K,244
247,https://www.youtube.com/watch?v=_uQrJ0TkZlc,Python Tutorial - Python for Beginners [Full Course],"11,655,706 views",18 Feb 2019,365K,2.8K
248,https://www.youtube.com/watch?v=-ETQ97mXXF0,Data Science Full Course - Learn Data Science in 10 Hours | Data Science For Beginners | Edureka,"817,519 views",18 Aug 2019,19K,243
249,https://www.youtube.com/watch?v=VwVg9jCtqaU,Machine Learning Zero to Hero (Google I/O'19),"837,717 views",9 May 2019,18K,235
250,https://www.youtube.com/watch?v=LCvCLZc_XLc,Learning Machine Learning: Learning Deep Learning,219 views,Streamed live 15 hours ago,32,0
251,https://www.youtube.com/watch?v=vEBYLnHacQM,Machine Learning Books for Beginners,"46,479 views",19 Apr 2018,1.5K,41
252,https://www.youtube.com/watch?v=cyLWtMSry58,Don't learn machine learning,"145,880 views",29 Mar 2020,3.2K,379
253,https://www.youtube.com/watch?v=iahQOQZVdog,"Building a $5,000 Machine Learning Workstation with a NVIDIA TITAN RTX and RYZEN ThreadRipper","10,159 views",15 Jul 2020,200,8
254,https://www.youtube.com/watch?v=9r2VVM4nfk8,Powered by TensorFlow: Air Cognizer predicts air quality with machine learning,"11,246 views",21 Jul 2020,956,19
255,https://www.youtube.com/watch?v=pHiMN_gy9mk,2020 Machine Learning Roadmap,"36,571 views",Premiered on 12 Jul 2020,2.9K,13
256,https://www.youtube.com/watch?v=RnFGwxJwx-0,Machine Learning with Python | Machine Learning Tutorial for Beginners | Machine Learning Tutorial,"313,391 views",13 Feb 2020,9.3K,147
257,https://www.youtube.com/watch?v=rfscVS0vtbw,Learn Python - Full Course for Beginners [Tutorial],"16,638,434 views",11 Jul 2018,399K,4.4K
258,https://www.youtube.com/watch?v=sDv4f4s2SB8,"Gradient Descent, Step-by-Step","271,067 views",5 Feb 2019,7.7K,88
259,https://www.youtube.com/watch?v=H6Zpk5lL_1s,what is Machine Learning in telugu,"28,654 views",30 Mar 2018,687,15
260,https://www.youtube.com/watch?v=ukzFI9rgwfU,Machine Learning Basics | What Is Machine Learning? | Introduction To Machine Learning | Simplilearn,"1,321,599 views",19 Sep 2018,17K,623
261,https://www.youtube.com/watch?v=K5YTQSCohbc,Doramon 4 Button Jumbo Pencil Box With Calculator,"2,614,009 views",21 Mar 2019,35K,5.7K
262,https://www.youtube.com/watch?v=fhUfRIeRSZE,1950 Curta Calculator,"1,365,063 views",24 Dec 2014,24K,500
263,https://www.youtube.com/watch?v=ISxpTXXZCqc,"how to use TAX+, TAX- on calculator in hindi","307,833 views",26 Mar 2017,4.1K,238
264,https://www.youtube.com/watch?v=2tL_0y_R1lE,Finding log and antilogarithm using simple calculator,"327,699 views",26 Mar 2016,4.1K,343
265,https://www.youtube.com/watch?v=aEsXspkt4lk,[Complete]Build a Simple Calculator in Android Studio Part 2 for Beginners[URDU|HINDI],48 views,24 Jul 2020,12,0
266,https://www.youtube.com/watch?v=DagTKwy2FsA,How to Turn Off Calculator without Off Button (Manually),"742,178 views",4 Sep 2015,4K,838
267,https://www.youtube.com/watch?v=BAD-9SkknWo,YUNG CALCULATOR MOST TOXIC MOMENTS ( Funny Compilation ),"21,356 views",24 Jul 2019,286,54
268,https://www.youtube.com/watch?v=3tm4aUZazDI,How to Calculate In and exponential by the help of Scientific Calculator,"15,773 views",12 Jun 2019,102,20
269,https://www.youtube.com/watch?v=DtISPzRn0fc,He's a Pirate - Pirates of the Caribbean Theme (Dual Calculator Cover),"902,155 views",28 Nov 2017,21K,841
270,https://www.youtube.com/watch?v=1rNAIB0qjAQ,Calculator Awesome Tricks ‡§ú‡§ø‡§∏‡•á ‡§ï‡•ã‡§à ‡§®‡§π‡•Ä‡§Ç ‡§ú‡§®‡§§‡§æ || By Technical Raghav,"438,908 views",9 Mar 2018,5.8K,939
271,https://www.youtube.com/watch?v=e4PTvXtz4GM,Faster than a calculator | Arthur Benjamin | TEDxOxford,"20,943,884 views",8 Apr 2013,367K,9.5K
272,https://www.youtube.com/watch?v=x-Qw394_uRc,CALCULATE PERCENTAGE WITH ( + - √ó √∑ ) ON CALCULATOR IN HINDI,"646,381 views",4 Jun 2018,9.6K,676
273,https://www.youtube.com/watch?v=VLX59t9yUwY,Top Five Calculator Tips & Tricks for iPhone,"21,301 views",11 Jun 2020,650,22
274,https://www.youtube.com/watch?v=vUM7VnqWz5Q,How To Hide Apps And Videos | secret calculator hide app pro | Android tricks,"112,050 views",23 Feb 2020,LIKE,DISLIKE
275,https://www.youtube.com/watch?v=a2hMZPBqtog,Calculator me Photo Aur Video Kaise Hide kare || How to hide photos and Videos in Calculator,"33,656 views",21 Apr 2020,857,76
276,https://www.youtube.com/watch?v=ZcmtlE4J-94,Check Percentage in Calculator: find out Percentage on Mobile calculator in Hindi,"1,176,408 views",14 Jun 2018,22K,2.9K
277,https://www.youtube.com/watch?v=3tkDfNuJS3A,How to recover photos from Calculator hide app - Hidex | Calculator lock app,"88,910 views",25 Apr 2020,1.6K,179
278,https://www.youtube.com/watch?v=6vDAN3mnGig,Evangelion Opening in Calculator - A Cruel Angels Thesis,"118,821 views",1 Jun 2019,7K,53
279,https://www.youtube.com/watch?v=_KomtGXzT3o,CURTA Mechanical Calculator Demonstration,"12,277 views",16 Nov 2017,199,2
280,https://www.youtube.com/watch?v=AXPnz3iebkM,"2nd PLACE IN TRIO CUP ü•à ($1,000) W/ ZexRow & Mackwood","4,815 views",23 Jul 2020,390,4
281,https://www.youtube.com/watch?v=6_0-uEgEcI0,Disney Princess Password Diary and Hello Kitty Calculator Pencil Box,"1,862,906 views",13 Sep 2018,8.5K,2K
282,https://www.youtube.com/watch?v=SYPUiDvObVA,Flipkart commission calculator,"5,443 views",8 Jul 2020,278,12
283,https://www.youtube.com/watch?v=xW5xMJ7T3QM,calculator app lock forgot password. New Trick @VIP_Ronak_Singh,"54,160 views",24 Apr 2020,1.5K,279
284,https://www.youtube.com/watch?v=ndxUg-sG2BM,How to Check Percentage in Calculator: find out Percentage on Mobile calculator in Hindi,"505,837 views",7 Apr 2019,8.2K,691
285,https://www.youtube.com/watch?v=FJliMTWEOfs,Lion Family Learn Numbers üçí the Math Contest vs Calculator | Cartoon for Kids,"94,987 views",20 Jul 2020,463,210
286,https://www.youtube.com/watch?v=PAc5ToNhGNw,Date of birth kaise nikalte hai|Date of birth|age calculator trick|age kaise nikalte haiüí•,"8,166,563 views",Premiered on 25 May 2019,124K,13K
287,https://www.youtube.com/watch?v=g2KsVwli6mY,,,,,
288,https://www.youtube.com/watch?v=NeZFiSTsc4A,"How To Use All Features In Calculator In Hindi (M+, M-, GT, MU, DISP Etc.)","572,264 views",10 Dec 2017,14K,873
289,https://www.youtube.com/watch?v=kvymoFdjuHw,15 Year Old YAASHWIN SARAWANAN Is A HUMAN CALCULATOR! | Asia's Got Talent 2019 on AXN Asia,"49,602,685 views",7 Mar 2019,1.1M,29K
290,https://www.youtube.com/watch?v=lAEeQSh_3Wk,‡∞ï‡∞æ‡∞≤‡∞ø‡∞ï‡±ç‡∞Ø‡±Å‡∞≤‡±á‡∞ü‡∞∞‡±ç ‡∞∂‡∞æ‡∞§‡∞Ç ‡∞≤‡±Ü‡∞ï‡±ç‡∞ï‡∞≤‡±Å || HOW TO CALCULATE PERCENTAGE IN CALCULATOR IN TELUGU,"118,956 views",22 Aug 2018,2.6K,137
291,https://www.youtube.com/watch?v=tHZLXbRHcU0,11 bipartite Settlement salary calculations in details / 11 bipartite new salary calculator in EXCEL,"4,990 views",23 Jul 2020,102,19
292,https://www.youtube.com/watch?v=oDA8j4sqzLE,‡§ï‡•à‡§≤‡§ï‡•Å‡§≤‡•á‡§ü‡§∞ ‡§∏‡•á ‡§π‡§ø‡§∏‡§æ‡§¨ ‡§ï‡§ø‡§§‡§æ‡§¨ ‡§ï‡•à‡§∏‡•á ‡§ï‡§∞‡•á‡§Ç {PART-1}|| Using Calculator || From Umeedo Ka Prabhat,148 views,24 Jul 2020,16,1
293,https://www.youtube.com/watch?v=STkGAMU4xKE,how to calculate intrest % using calculator in telugu || how to calculate emi using calculator,"59,795 views",30 Jul 2018,981,170
294,https://www.youtube.com/watch?v=HtOvoKE_vT0,How to Calculate Percentage in Mobile - Mobile Phone Se Pratishat Kaise Nikalte Hai Maths Trick,"1,560,683 views",1 May 2018,21K,3.5K
295,https://www.youtube.com/watch?v=C2R2XAMlqrc,CASIO HR 100RC CALCULATOR,"240,048 views",22 Oct 2017,592,265
296,https://www.youtube.com/watch?v=PGTDuChxyPY,"how to use MRC, M+, M- on calculator in hindi","418,541 views",17 Mar 2017,4.2K,348
297,https://www.youtube.com/watch?v=Tm4f0lXPlgA,PRODUCT ‡§Ö‡§ó‡§∞ Rs 280/KG ‡§π‡•à‡§Ç ‡§§‡•ã 65 ‡§∞‡•Å‡§™‡§Ø‡•á ‡§Æ‡•á ‡§ï‡§ø‡§§‡§®‡•á ‡§ó‡•ç‡§∞‡§æ‡§Æ ‡§Æ‡§ø‡§≤‡•á‡§ó‡§æ USING CALCULATOR IN HINDI,"607,145 views",23 Apr 2019,15K,747
298,https://www.youtube.com/watch?v=4gDJBEyxiMQ,How to hide photos in Calculator | How to hide your SECRET FILES in CALCULATOR,"13,578 views",25 Mar 2020,195,34
299,https://www.youtube.com/watch?v=2xRErv9OT_s,How to find out Percentage from Calculator Easy Way,"1,518,638 views",28 Jun 2017,10K,1.7K
300,https://www.youtube.com/watch?v=4semdEFL4Gk,I'm The CEO Of The Charged Shotgun - 25 Kill Arena Win | Yung Calc,"13,919 views",26 Jun 2020,824,18
301,https://www.youtube.com/watch?v=OQ3zhkkEwRg,How to make calculator,"22,808 views",24 Dec 2019,167,52
302,https://www.youtube.com/watch?v=bYYtAuwP_P8,calculator top15 secret tips and trick in hindi | by: hinditrickmasti,"246,042 views",6 Mar 2019,6.2K,1.2K
303,https://www.youtube.com/watch?v=3Px3rp0oW1k,Best Laptops under 25000 in India | Laptops under 25000 in 2020 | laptops under 25k in July 2020,"19,067 views",8 Jul 2020,486,47
304,https://www.youtube.com/watch?v=lAq51HO_o50,TOP 5 BEST LAPTOPS UNDER 30000 ‚ö°‚ö°‚ö° Best Budget Laptops To Buy In 2019,"739,920 views",19 Dec 2019,25K,1.1K
305,https://www.youtube.com/watch?v=Z5Vvpn-awnY,"Top 5 BEST Laptops in 30,000 to 35,000 Budget‚ö°‚ö°‚ö°Laptops For Work From Home, Students & Professionals","501,472 views",8 Jun 2020,30K,1K
306,https://www.youtube.com/watch?v=kOGGCGAb2d4,Most common fault on a Dead Laptop,"755,431 views",13 Nov 2018,10K,638
307,https://www.youtube.com/watch?v=mciEZKSvva8,Smartphone to laptop transformation,"190,299 views",24 Jul 2020,22K,457
308,https://www.youtube.com/watch?v=RQ7n7Uebw6Y,Mi Notebook Horizon Edition After 30 days usage - important things to consider when buying laptop,"64,059 views",13 Jul 2020,2.5K,313
309,https://www.youtube.com/watch?v=LMrP-uK_SAo,Why Macbooks are Expensive? Mac Vs Windows Laptops???,"895,097 views",12 Apr 2019,33K,3.1K
310,https://www.youtube.com/watch?v=zHtg-nAhDoE,The Best Laptops for 2020,"232,164 views",5 Jun 2020,2.9K,136
311,https://www.youtube.com/watch?v=FfunUnpwX34,LAPTOP MARKET WHOLESALE/RETAIL | CHEAPEST LAPTOP MARKET IN DELHI | LAXMI NAGAR LAPTOP MARKET |,"20,453 views",18 Jul 2020,1K,96
312,https://www.youtube.com/watch?v=WLP_L7Mgz6M,"Things you can make from old, dead laptops","5,313,011 views",29 Jan 2020,243K,4.5K
313,https://www.youtube.com/watch?v=4V3uB12mRrU,"AMD Laptops - Faster, Longer Battery, and CHEAPER!","1,153,421 views",12 Jul 2020,52K,669
314,https://www.youtube.com/watch?v=jU9ad2C0EDI,"Asus Vivobook 14"" Ryzen 5 3500U Budget Mid-Range Laptop","286,040 views",8 Jul 2020,9.7K,227
315,https://www.youtube.com/watch?v=s-devXZPSyQ,Top 5 Budget Gaming Laptops 2020 - 2021,329 views,24 Jul 2020,29,6
316,https://www.youtube.com/watch?v=xfGEW2AhgOU,10 Things You Should FIRST DO With Your New Smartphone ‚ö°‚ö°‚ö°How To Setup A New Mobile Phone,"325,101 views",4 May 2020,25K,973
317,https://www.youtube.com/watch?v=Xz50kbJ0hXY,TOP 5 BEST LAPTOPS FOR STUDENTS‚ö°‚ö° LATEST 2020 | Core i5 | Nvidia Graphics | Touchscreen | SSD |,"30,294 views",22 Jul 2020,1.7K,101
318,https://www.youtube.com/watch?v=3xX997E42Ro,"Laptop Buying Gyan: i3 vs i5 vs i7, Integrated vs Dedicated GraphicsCard, DosVsWindows, HDD vs SSD ?","1,264,015 views",12 Jan 2020,91K,1.8K
319,https://www.youtube.com/watch?v=vg-96Got_PA,Best Laptops for Students 2020,"96,642 views",6 Jul 2020,1.7K,520
320,https://www.youtube.com/watch?v=k_GM1JA608Y,The World's Most Powerful Laptop!,"28,462,559 views",23 Apr 2017,289K,18K
321,https://www.youtube.com/watch?v=_jHeXEJseBk,Top 10 Best Student Laptops in 2020,"2,899 views",21 Jul 2020,159,5
322,https://www.youtube.com/watch?v=yxZQPcMTdJw,"TOP 5 BEST LAPTOPS UNDER 50000 ‚ö°‚ö°‚ö° Best Budget Laptops For Creators, Gamers And Students","473,356 views",22 Jun 2020,29K,1.2K
323,https://www.youtube.com/watch?v=JKAuJma-ulY,things to consider before buying a laptop ll in telugu ll by prasad ll,"601,821 views",12 May 2017,21K,500
324,https://www.youtube.com/watch?v=MljYZi1IcWw,Budget Laptop with Amazing Specs - Avita Pura Ryzen 5,"331,278 views",2 Jul 2020,13K,524
325,https://www.youtube.com/watch?v=dxPhJ0wfp0g,Best Laptop for programming 2020,"85,022 views",13 Jun 2020,5.4K,378
326,https://www.youtube.com/watch?v=-erBfpPiPZU,"Wholesale Price Laptop Market | Starting from ‚Çπ999/- | Apple,Lenovo,Hp,Dell,Asus | Prateek kumar","2,409,613 views",10 Aug 2019,91K,6.6K
327,https://www.youtube.com/watch?v=sJK67XXE_Rg,Is There A New Best Laptop 2019?,"3,762,882 views",19 May 2019,61K,2.5K
328,https://www.youtube.com/watch?v=eaR3DhAqkKs,TOP 5 BEST LAPTOPS UNDER 50000 ‚ö°‚ö°‚ö° Best Budget Laptops For Students And Professionals,"584,341 views",5 May 2020,23K,1K
329,https://www.youtube.com/watch?v=s9jS1c4H5lk,"Desktop vs Laptop Gaming Performance, How Far Behind Are Today's Laptop GPUs?","39,677 views",24 Jul 2020,3.2K,58
330,https://www.youtube.com/watch?v=ULNR__vpCMo,"Watch this before buying Laptop for College üî• | Best Laptop between Rs 30,000 - Rs 1lac","823,004 views",21 Jun 2019,33K,1.8K
331,https://www.youtube.com/watch?v=dTFnq_wJiZw,Perfect Gaming Laptop For 1080p High Gaming !! HP Omen 15 !! 8 Games Benchmarked !! [HINDI],"11,893 views",24 Jul 2020,1.1K,71
332,https://www.youtube.com/watch?v=d3FGcit43-o,The Best Budget Laptops for 2020,"12,966 views",13 Jul 2020,227,22
333,https://www.youtube.com/watch?v=eFV2RpM8Sbs,Best laptop under 35000 july 2020 | Best laptops for video editing and coding under 35000 in india,"8,565 views",7 Jul 2020,228,35
334,https://www.youtube.com/watch?v=33x46RxbYhA,Mac VS Windows for College | Best Laptops for students in India | BITS Pilani Laptop Experience,"64,841 views",26 May 2020,2.9K,192
335,https://www.youtube.com/watch?v=3yrP7klBO1I,Best LAPTOP Under 40000 in INDIA 2020 - Most Powerful LAPTOP Under 40000 For Students (2020) üî•üî•üî•,"31,908 views",Premiered on 14 Jul 2020,1.2K,104
336,https://www.youtube.com/watch?v=Iw_dbGdkkSw,Best Laptop Under 15000 | Top Best Laptops For Students (2020),"3,600 views",17 Jul 2020,LIKE,DISLIKE
337,https://www.youtube.com/watch?v=RdqoaSuUcFo,Best Laptops under 45000 in India in 2020 | Laptops under 45000 in 2020 | laptops under 45K,"1,248 views",21 Jul 2020,96,4
338,https://www.youtube.com/watch?v=fidTuLfFsq8,Mother of All Gaming Laptops... üî•üî•ü§Ø,"1,130,504 views",12 Mar 2020,27K,2K
339,https://www.youtube.com/watch?v=aK9ZmRaROoc,"Laptop at 999/-Rs | Laptop warehouse in Delhi | Macbook, Dell, HP, Lenevo Laptop sale JNJ","120,684 views",9 Jun 2020,4.1K,422
340,https://www.youtube.com/watch?v=-lCQMFC2D5Q,5 Reasons NOW is a Great Time to Buy a Laptop! | The Tech Chap,"345,157 views",23 May 2020,7.6K,279
341,https://www.youtube.com/watch?v=1jgHbGBb_Cc,"Best Laptops under 50000 in India | For Students, Gaming, Office, Video Editing","2,141 views",21 Jul 2020,70,24
342,https://www.youtube.com/watch?v=c96uKMSz5HQ,Acer Swift 5 Review Ultra Light Laptop at 940 grams My New Laptop,"189,793 views",11 Jul 2020,7.4K,177
343,https://www.youtube.com/watch?v=UuJS5QJpxmA,Best Non Chinese Laptops Under 40000 Rupees ‚ö°‚ö°‚ö° | Best Laptop Under 40000 Rupees in India in 2020‚ö°‚ö°,"2,943 views",11 Jul 2020,LIKE,DISLIKE
344,https://www.youtube.com/watch?v=j5TMxX3wssk,Top 5 Laptops Under 40000 | Editing | Gaming | Business | Students | Latest 2020 | Hindi/Urdu,"115,684 views",25 May 2020,4.6K,201
345,https://www.youtube.com/watch?v=HBT412342uw,Restoration a destroyed 20-year-old LENOVO laptop | Rebuild and restore LENOVO laptops,"5,420,368 views",6 Mar 2020,79K,18K
346,https://www.youtube.com/watch?v=Y8Tko2YC5hA,What is Python? Why Python is So Popular?,"677,694 views",22 Oct 2018,23K,285
347,https://www.youtube.com/watch?v=y3qZFu3gmYE,Build A Machine Learning Web App Using Python,"3,933 views",20 Jul 2020,260,1
348,https://www.youtube.com/watch?v=XLnimroGCIg,Learn Java In Tamil | Beginner to Advance Complete guide | Tamil Hacks,"196,417 views",20 Dec 2019,6.9K,91
349,https://www.youtube.com/watch?v=T936yTchDck,Python Tutorial | Python Course | Intellipaat,"349,640 views",14 Jun 2020,10K,267
350,https://www.youtube.com/watch?v=9e_hOnOvJOE,Day 5 | Batch 6 | LetsUpgrade - Python Essentials,"2,709 views",Streamed live on 23 Jul 2020,154,7
351,https://www.youtube.com/watch?v=4F2m91eKmts,Python Tutorial for Beginners - Full Course in 11 Hours [2020],"1,387,107 views",Premiered on 21 Dec 2019,84K,1.5K
352,https://www.youtube.com/watch?v=piTMNBINGKA,Experiment: coca cola Vs Mentos Vs Python Snake In Underground Hole,"6,719,681 views",29 Apr 2020,19K,8.7K
353,https://www.youtube.com/watch?v=HIj8wU_rGIU,How to Start Coding | Programming for Beginners | Learn Coding | Intellipaat,"513,538 views",Streamed live on 25 Feb 2020,14K,582
354,https://www.youtube.com/watch?v=WGJJIrtnfpk,Python Full Course - Learn Python in 12 Hours | Python Tutorial For Beginners | Edureka,"1,466,728 views",1 Dec 2019,31K,619
355,https://www.youtube.com/watch?v=pJ3IPRqiD2M,Python Course | Python Tutorial for Beginners | Intellipaat,"2,328,996 views",16 Aug 2019,79K,1.6K
356,https://www.youtube.com/watch?v=J0Aq44Pze-w,"The Story of Python, by Its Creator, Guido van Rossum","78,973 views",25 Feb 2019,1.7K,15
357,https://www.youtube.com/watch?v=k9TUPpGqYTo,Python Tutorial for Beginners 2: Strings - Working with Textual Data,"656,195 views",17 May 2017,14K,82
358,https://www.youtube.com/watch?v=76vTbQ5Wf-A,20 FOOT PYTHON SNAKE STRIKE at Prehistoric Pets,"114,928 views",4 Jul 2020,2.4K,93
359,https://www.youtube.com/watch?v=YYXdXT2l-Gg,Python Tutorial for Beginners 1: Install and Setup for Mac and Windows,"1,360,423 views",17 May 2017,14K,154
360,https://www.youtube.com/watch?v=Eijmv78piU4,Day 3 | Batch 6 | LetsUpgrade - Python Essentials,"4,694 views",Streamed live on 21 Jul 2020,171,4
361,https://www.youtube.com/watch?v=XGf2GcyHPhc,Learn Python by Building Five Games - Full Course,"610,891 views",6 Nov 2019,17K,141
362,https://www.youtube.com/watch?v=kLZuut1fYzQ,What Can You Do with Python? - The 3 Main Applications,"2,386,983 views",22 Jun 2018,70K,1K
363,https://www.youtube.com/watch?v=PAPG8NI0iUI,Multi-tier Farm & Adventure! | Minecraft Survival Let's Play,"53,462 views",22 Jul 2020,5K,59
364,https://www.youtube.com/watch?v=A32HF0SsEzI,H¬•DRA PYTHON üî¥ PUBG MOBILE LIVE : HYDRA ELITE FINAL DAY!! || !loco TO FOLLOW,"13,657 views",Streamed live 16 hours ago,2.2K,12
365,https://www.youtube.com/watch?v=t5Nmi9KDonw,Python in Tamil | Python Tutorial for Beginners in Tamil | Full Course,"217,470 views",16 Dec 2019,6K,81
366,https://www.youtube.com/watch?v=_uQrJ0TkZlc,Python Tutorial - Python for Beginners [Full Course],"11,656,017 views",18 Feb 2019,365K,2.8K
367,https://www.youtube.com/watch?v=m_0UMFNOTTA,Why You Should Learn Python ? | Importance of Python Programming Language in Hacking,"521,441 views",22 Dec 2017,25K,1.7K
368,https://www.youtube.com/watch?v=SPOWikw5N78,H¬•DRA PYTHON üî¥ PUBG MOBILE LIVE : MERA NET KABHI NHI HAGTA xD|| !loco TO FOLLOW,"8,551 views",Streamed live on 23 Jul 2020,2.1K,17
369,https://www.youtube.com/watch?v=Ne4awwvc988,Live | Python Webinar | Python Programming for Beginners - Python Tutorial | Day 6 (15/7/20-21/7/20),"6,969 views",Streamed live on 21 Jul 2020,246,13
370,https://www.youtube.com/watch?v=wMBDuxHahdE,H¬•DRA PYTHON üî¥ PUBG MOBILE LIVE : MERA NET KABHI NHI HAGTA xD|| !loco TO FOLLOW,"8,840 views",Streamed live 21 hours ago,2K,8
371,https://www.youtube.com/watch?v=417ANPkqMug,African Rock Python tries to Enter Home--Eats Rabbit Instead (Time Lapse X5),"10,024,658 views",11 May 2018,31K,17K
372,https://www.youtube.com/watch?v=iE7BpqtfgYA,"Python is too aggressive - Big Cat Can't Escape of Giant Anaconda, Python vs Lion, Leopard, Monkey","15,759,836 views",18 Jul 2019,42K,12K
373,https://www.youtube.com/watch?v=aHaOIvR00So,Tableau Full Course - Learn Tableau in 6 Hours | Tableau Training for Beginners | Edureka,"596,691 views",21 Jul 2019,8.6K,168
374,https://www.youtube.com/watch?v=8DvywoWv6fI,Python for Everybody - Full Course with Dr. Chuck,"1,403,300 views",2 May 2019,44K,385
375,https://www.youtube.com/watch?v=rfscVS0vtbw,Learn Python - Full Course for Beginners [Tutorial],"16,638,915 views",11 Jul 2018,399K,4.4K
376,https://www.youtube.com/watch?v=cRELNmDpaks,Replace Excel Vlookup with Python - Five Minute Python Scripts,"78,934 views",26 Jun 2019,2.1K,22
377,https://www.youtube.com/watch?v=iSQH-yZCQ9E,Python basics - Class 1 in Python course for School students - Python learning series,"13,398 views",Streamed live on 23 Jul 2020,1K,29
378,https://www.youtube.com/watch?v=ihk_Xglr164,Python Tutorial In Hindi üî•,"925,237 views",27 Jul 2019,32K,1K
379,https://www.youtube.com/watch?v=3dy_PYF9xOI,What is Python With Full Information? ‚Äì [Hindi] ‚Äì Quick Support,"397,926 views",25 Sep 2019,18K,295
380,https://www.youtube.com/watch?v=4pFVZP9Yh3s,ANGRY RETICULATED PYTHON with EGGs at Prehistoric Pets!,"646,284 views",1 Jun 2020,6.8K,541
381,https://www.youtube.com/watch?v=WViqKHq96mw,7 Biggest Snakes Ever Found,"50,616,144 views",13 Jan 2018,179K,32K
382,https://www.youtube.com/watch?v=_tLHRCTagZE,Anaconda 3: Offspring (2008) Clip - Attack From The Anaconda,"452,868 views",21 Jan 2019,2.2K,282
383,https://www.youtube.com/watch?v=pA40VH8SoqM,Anaconda Snake in Real Life | Edit with Mobile,"35,076,862 views",21 Jul 2019,LIKE,DISLIKE
384,https://www.youtube.com/watch?v=APF04UhQEoE,"Khaufnaak Anaconda Full Hindi Dubbed Movie | Stephen Baldwin, Jayne Heitmeyer","14,724,098 views",19 Mar 2018,35K,7.5K
385,https://www.youtube.com/watch?v=kj25OQ20GFI,"Amazing ! Anaconda attack Car, Humans on Road , What results","77,424 views",22 Jan 2018,241,71
386,https://www.youtube.com/watch?v=M91TUimxJnc,Anacondas: Trail of Blood (2009) - Jeep vs. Anaconda Scene (3/10) | Movieclips,"15,932,865 views",23 Jan 2020,42K,13K
387,https://www.youtube.com/watch?v=rMcXfgVBhkY,Anaconda Snake in Real Life Video,"697,965 views",18 Jun 2020,2.4K,1.1K
388,https://www.youtube.com/watch?v=yXzPLOVrvcM,crazy ANACONDA stops the train and escapes in indian train Simulator ?,"57,513,708 views",27 Aug 2019,95K,56K
389,https://www.youtube.com/watch?v=_zNfsL0R9CU,Anaconda Snake 2 in Real Life HD Video,"10,506,430 views",17 Feb 2020,30K,13K
390,https://www.youtube.com/watch?v=2m3X9NtLVzg,Speckles The Tarbosaurus (Dinosaur V/s Dinosaur)- English Full Movies Dubbed In Hindi - Action Film,"94,846,743 views",19 Nov 2016,240K,63K
391,https://www.youtube.com/watch?v=TCNWp9rjDsQ,‡§ï‡•ç‡§Ø‡§æ ‡§π‡•ã‡§ó‡§æ ‡§Ö‡§ó‡§∞ ‡§Ü‡§™‡§ï‡•ã ‡§è‡§ï ‡§è‡§®‡§æ‡§ï‡•ã‡§Ç‡§°‡§æ ‡§®‡§ø‡§ó‡§≤ ‡§ú‡§æ‡§è? | What if an Anaconda swallows you?,"730,400 views",Premiered on 19 May 2020,22K,835
392,https://www.youtube.com/watch?v=qyZTQUNgv4Q,AMAZING !! GIANT ANACONDA CLIMBING COCONUT TREES,"18,240,804 views",27 Sep 2017,37K,9.3K
393,https://www.youtube.com/watch?v=DgQcrUZNuxg,Anaconda Grabs and Swallows Pig in Outside Enclosure,"1,803,711 views",30 Jun 2017,7.9K,1.5K
394,https://www.youtube.com/watch?v=fEZ1S7RwD6k,Anaconda 3 || New Tamil Dubbed || Tamil Dubbed Hollywood Full Movies,"5,899,413 views",21 Jan 2018,23K,3.4K
395,https://www.youtube.com/watch?v=ZW5gp0IKag4,Aanakonda vs kingkong hollywood adventure movies in hindi dubbed full action hd movie in hindi 2018,"17,607,893 views",16 Aug 2018,48K,12K
396,https://www.youtube.com/watch?v=sF9doyJbFLk,"‡§ó‡§æ‡§è‡§Å , ‡§¨‡§ï‡§∞‡•Ä ‡§ï‡•ã ‡§è‡§ï ‡§¨‡§æ‡§∞ ‡§Æ‡•á‡§Ç ‡§π‡•Ä ‡§®‡§ø‡§ó‡§≤ ‡§∏‡§ï‡§§‡•á‡§Ç ‡§π‡•à‡§Ç ‡§Ø‡•á ‡§∏‡§æ‡§Ç‡§™ 5 Biggest Snakes in the World","46,352,923 views",17 Oct 2019,270K,39K
397,https://www.youtube.com/watch?v=59P4JmAexnc,Final Showdown With Anaconda | Anaconda | CineClips,"9,816,660 views",31 Oct 2019,41K,4.9K
398,https://www.youtube.com/watch?v=x8Z0PcwOI_c,Primitive Cat's Mother Save & Protect Her Baby From Anaconda Attack ‚Äì Anaconda VS Family Cat Home,"1,139,115 views",3 Mar 2019,6K,1.4K
399,https://www.youtube.com/watch?v=Rm-x4maMAks,What If You Were Swallowed by an Anaconda?,"3,534,106 views",21 Dec 2019,46K,1.3K
400,https://www.youtube.com/watch?v=SUKDey0-7bs,VIDEOBUSTER.de zeigt PIRANHACONDA - Anaconda und Piranha! deutscher Trailer HD zur DVD & Blu-ray,"7,922,305 views",22 May 2014,9K,2.6K
401,https://www.youtube.com/watch?v=mVPoHpazkVM,Giant Snakeüêç | anaconda full movie | latest anaconda movie clips 2020 | Giant Snake video sence,"342,847 views",22 Apr 2020,1.5K,380
402,https://www.youtube.com/watch?v=Q7bzLQlXBj4,Anaconda 1 full movie,"304,287 views",28 Mar 2020,1.6K,256
403,https://www.youtube.com/watch?v=Snz0VAwJXY4,2020 New Released Full Hindi Dubbed Movie | Hollywood Movies in Hindi Dubbed 2020 #Naga,"4,319,619 views",30 Jan 2020,13K,2.9K
404,https://www.youtube.com/watch?v=lX9SDbhnYYU,Anacondas 2 (2004) - Bloodsucking Leeches Scene (2/10) | Movieclips,"48,216,246 views",21 Jan 2020,161K,25K
405,https://www.youtube.com/watch?v=Sd6KIQrJ_xk,Anaconda Full movie in Hindi HD - KRDS TECH,"658,794 views",7 Apr 2020,3.8K,570
406,https://www.youtube.com/watch?v=wra5-39LDcI,Snakes eat people compilation (Anaconda film pentology),"2,431,900 views",6 Oct 2018,12K,2.8K
407,https://www.youtube.com/watch?v=UDxyybahXlc,Traffic halts as Giant Anaconda Crosses Road in Brazil; Video Goes Viral || GoViral,"65,573,553 views",29 Apr 2019,216K,41K
408,https://www.youtube.com/watch?v=qK-ZIGcFr6k,Anaconda,"350,681 views",6 Jun 2019,1K,207
409,https://www.youtube.com/watch?v=TKybm_hdKTA,Anacondas 2 (2004) - Snake on Board Scene (3/10) | Movieclips,"8,816,249 views",21 Jan 2020,29K,4.5K
410,https://www.youtube.com/watch?v=Az3URMqIGtY,Amazing Two Brave Boys Catch Big Snake On The Road While Driving Car,"13,121,211 views",21 Jun 2017,LIKE,DISLIKE
411,https://www.youtube.com/watch?v=tJ4hzj-iX38,Giant Anaconda World's longest snake found in Amazon River,"10,915,529 views",11 Aug 2016,30K,8.1K
412,https://www.youtube.com/watch?v=X9llqhaclPw,Anaconda Hollywood Movie dubbed in hindi Full action and adventure 2020 movies,"411,859 views",14 May 2020,2K,357
413,https://www.youtube.com/watch?v=ItGtzbLud8w,Anaconda Attacked on Nicholas Gonzalez | Best Action Horror Scene | Anacondas: Blood Orchid,"23,089,693 views",20 Jan 2017,73K,8.4K
414,https://www.youtube.com/watch?v=gP0xoRrf8i0,Anaconda Devours Huge Meal | Monster Snakes,"4,791,869 views",24 May 2019,31K,2.2K
415,https://www.youtube.com/watch?v=JWqaTJbxbW0,Anaconda (8/8) Movie CLIP - Swallowed Whole (1997) HD,"23,908,624 views",8 Mar 2013,64K,9.9K
416,https://www.youtube.com/watch?v=MWa3acAMddA,Boa (Anaconda) Full Length Movie | Superhit Telugu Dubbing Movie | AR Entertainment,"1,506,270 views",16 Jan 2015,4K,886
417,https://www.youtube.com/watch?v=LDZX4ooRsWs,Nicki Minaj - Anaconda,"944,169,202 views",19 Aug 2014,5M,1.6M
418,https://www.youtube.com/watch?v=qgXY51Cx6iI,GIANT ANACONDA!...Meet Anaconda Named Medusa,"8,686,516 views",22 Jun 2018,54K,16K
419,https://www.youtube.com/watch?v=afSsw6WSwls,ANACONDA 1997 Movie Scenes Anaconda Clips,"1,673,154 views",25 Mar 2019,4.9K,863
420,https://www.youtube.com/watch?v=iLDtdo4weKw,Big Cat Powerful Become Prey Of The Giant Anaconda - Wild Animal Attacks,"90,793,818 views",27 Oct 2018,166K,62K
421,https://www.youtube.com/watch?v=vzabDtXvsUI,Anaconda 2 - A Ca√ßada pela Orqu√≠dea Sangrenta Filme Completo HD (Dublado),"4,066,835 views",2 Apr 2020,34K,2.8K
422,https://www.youtube.com/watch?v=XcxwOVNyfFY,"OMG! Giant Python Hunt Leopard Cubs When Mother Leopard Hunting Impala, Anaconda vs Crocodile","84,542,027 views",28 Aug 2019,246K,79K
423,https://www.youtube.com/watch?v=CGres9g0DTE,Ice Cube's Encounter With Anaconda | Anaconda | CineClips,"11,111,455 views",9 Jan 2020,40K,7.5K
424,https://www.youtube.com/watch?v=cNa3ZxKt0WA,Angry Royal Bengal Tiger Attacks Safari Bus In Bangladesh | A Full Day tour Bangabandhu Safari Park,"35,645,261 views",7 Jul 2018,104K,43K
425,https://www.youtube.com/watch?v=lYn39NnSbGU,Top 5 Tiger Moments | BBC Earth,"701,060 views",18 Feb 2020,5.8K,860
426,https://www.youtube.com/watch?v=a-VCL7U_JEA,Monkeys Sound Alarm To Save Deer From A Tiger | Life | BBC Earth,"461,788 views",23 Mar 2020,5K,640
427,https://www.youtube.com/watch?v=pKSPj-_WLtE,"Buffalo vs Lion vs Giraffe - Big Battle of Snake, Leopard, Crocodile,Tiger vs the prey | Wild animal","45,925,871 views",21 Dec 2018,113K,38K
428,https://www.youtube.com/watch?v=7nQhWhI89kQ,Most Funny and Cute Baby Tiger and Lion Videos,"1,068,639 views",30 Mar 2020,5.4K,2.3K
429,https://www.youtube.com/watch?v=2bnTz--tfpQ,Lion VS Tiger - Tiger VS Lion - Aspin,"51,632,455 views",27 Aug 2018,271K,72K
430,https://www.youtube.com/watch?v=8c_4nn447Fo,TIGER ABHI ZINDA HAI üêÖ üêØ,"248,148 views",Premiered 22 hours ago,26K,580
431,https://www.youtube.com/watch?v=n2dcP5ucfeU,"Children CARTOONS 2019 HD - Scary Animal Bandits - Snake, Tiger, Shark, Lion, Dinosaur Kids Videos","4,958,535 views",13 Jun 2017,11K,5K
432,https://www.youtube.com/watch?v=EfAiS0VX-Es,18 Best Hindi Moral Stories for Kids collection | Infobells,"39,999,202 views",8 Feb 2018,70K,40K
433,https://www.youtube.com/watch?v=FK3dav4bA4s,Tigers 101 | National Geographic,"1,928,780 views",8 Feb 2019,19K,1K
434,https://www.youtube.com/watch?v=8v6BWMvEoBo,The Thankful Tiger Hindi Kahaniya | Hindi Stories for Kids | Infobells,"8,662,817 views",29 Aug 2018,17K,8.4K
435,https://www.youtube.com/watch?v=_UbDeqPdUek,Cubs Meet Adult Tiger for the First Time | Tigers About The House | BBC Earth,"69,813,971 views",26 Aug 2015,439K,27K
436,https://www.youtube.com/watch?v=RXHKxmgBd7s,Punyakoti Telugu Story | Honest Cow and the Tiger Stories for Kids | Infobells,"87,062,345 views",7 Jul 2017,176K,93K
437,https://www.youtube.com/watch?v=xmU0s2QtaEY,"Swag Se Swagat | Song | Tiger Zinda Hai | Salman Khan, Katrina Kaif | Vishal & Shekhar, Irshad, Neha","842,330,939 views",20 Nov 2017,3.2M,426K
438,https://www.youtube.com/watch?v=rMs06PfdJlU,Lion VS Tiger - Who will win in a fight ?,"676,223 views",23 May 2020,5.2K,1.3K
439,https://www.youtube.com/watch?v=xeqJU7PLseg,"Baaghi 3: BHANKAS | Tiger S, Shraddha K | Bappi Lahiri,Dev Negi,Jonita Gandhi | Tanishk Bagchi","69,465,298 views",18 Feb 2020,584K,74K
440,https://www.youtube.com/watch?v=SAcpESN_Fk4,"Dil Diyan Gallan Song | Tiger Zinda Hai | Salman Khan, Katrina Kaif | Atif, Vishal & Shekhar, Irshad","634,390,631 views",2 Dec 2017,2.7M,252K
441,https://www.youtube.com/watch?v=-Xw21JYIXjM,Mohan Lal Powerpacked Tiger Action Scene | Telugu Action Scenes | 70MM Movies,"13,811,754 views",13 Nov 2019,42K,12K
442,https://www.youtube.com/watch?v=eqxTdSybKww,Vlad and Mama at sleeping tiger farm,"44,697,845 views",9 Jan 2019,127K,54K
443,https://www.youtube.com/watch?v=A5pSnIwbpaM,Saiyaara - Full Song | Ek Tha Tiger | Salman Khan | Katrina Kaif | Mohit Chauhan | Taraannum Mallik,"184,573,464 views",27 Dec 2012,703K,50K
444,https://www.youtube.com/watch?v=1UpAV2byuGg,TIGER HILL | HOW TO WITHDRAW + ACTIVATE FREE |FIRST TIME FULLY EXPLAINED | FULL VIDEO ü§© #tigerhill,696 views,23 Jul 2020,26,0
445,https://www.youtube.com/watch?v=uFcZhH_wFbs,Lions Roaring Compilation,"8,962,590 views",3 Aug 2018,47K,9.3K
446,https://www.youtube.com/watch?v=xwidefc2wpc,Living With Tigers: Family Share Home With Pet Tigers,"67,861,459 views",25 Sep 2013,196K,27K
447,https://www.youtube.com/watch?v=6xeChrdyxJE,"Maasthi Gudi - Tiger Attack In Village | Duniya Vijay, Amulya, Kriti Kharbanda | Fight Scene","48,981,693 views",10 Oct 2018,118K,41K
448,https://www.youtube.com/watch?v=kXmqwRj0o4E,Wild tiger cub for the first time on film | David Attenborough | Tiger Spy in the Jungle | BBC,"5,458,527 views",15 Feb 2013,17K,2.9K
449,https://www.youtube.com/watch?v=xIgBDHXrfNg,Baaghi 3 Full Movie Tiger Shroff And Shraddha Kapoor | Bollywood Movies,"792,666 views",21 Jul 2020,15K,1.2K
450,https://www.youtube.com/watch?v=mDKLfCCoqvw,‡§¨‡§æ‡§ò ‡§ï‡•á ‡§∏‡§æ‡§• ‡§≤‡•Å‡§ï‡§æ‡§õ‡§ø‡§™‡•Ä Tiger Hide & Seek Comedy Video ‡§π‡§ø‡§Ç‡§¶‡•Ä ‡§ï‡§π‡§æ‡§®‡§ø‡§Ø Hindi Kahaniya Stories Comedy Video,"168,865 views",22 Jul 2020,2K,239
451,https://www.youtube.com/watch?v=atTF_LtPUes,Big Male Lion Makes Epic Entrance | Tintswalo Virtual Safari Highlights,"156,205 views",19 Jul 2020,995,77
452,https://www.youtube.com/watch?v=TeCkm-BEZ-8,Adorable Lion Cubs Frolic as their Parents Look On,"9,620,691 views",4 Jun 2015,106K,2.3K
453,https://www.youtube.com/watch?v=D1KaD1u0z34,Adorable Lion Moments | Top 5 | BBC Earth,"149,133 views",10 Mar 2020,2K,117
454,https://www.youtube.com/watch?v=bOx--_Qphs0,Week 6 Day 1 | LEC Summer Split (2020),"475,761 views",Streamed live 16 hours ago,4K,225
455,https://www.youtube.com/watch?v=5YU4lLxi0go,The Man Who Cuddles Lions | BEAST BUDDIES,"3,952,914 views",13 Aug 2019,33K,1K
456,https://www.youtube.com/watch?v=7nQhWhI89kQ,Most Funny and Cute Baby Tiger and Lion Videos,"1,068,639 views",30 Mar 2020,5.4K,2.3K
457,https://www.youtube.com/watch?v=sBtYhhsFGwg,They Let a Dog in a Lion's Cage. What Happened Then Shocked Everyone,"5,203,071 views",11 Aug 2019,61K,2.6K
458,https://www.youtube.com/watch?v=jenVMnOi2uA,Part of the Lion Pride - Dean Schneider living with lions,"20,912,339 views",1 Mar 2020,690K,10K
459,https://www.youtube.com/watch?v=2bnTz--tfpQ,Lion VS Tiger - Tiger VS Lion - Aspin,"51,632,455 views",27 Aug 2018,271K,72K
460,https://www.youtube.com/watch?v=c8i0hjegneY,Largest Lion Pride Ever Blocking Road In Kruger Park,"262,337,261 views",27 Nov 2016,614K,199K
461,https://www.youtube.com/watch?v=68JOgtt15Zs,‡§∂‡•á‡§∞ ‡§î‡§∞ ‡§ö‡•Ç‡§π‡•á | Lion and the Mouse in Hindi | Kahani | Hindi Fairy Tales,"60,802,894 views",15 May 2017,205K,133K
462,https://www.youtube.com/watch?v=hwC3gIbfcWs,Lion Family | Healthy Habits & Good Habits. Want to Be a Good Kid | Cartoon for Kids,"1,762,097 views",6 Jul 2020,LIKE,DISLIKE
463,https://www.youtube.com/watch?v=kOJrmrSevKM,‚ñ∂Ô∏éNEW‚ÄºÔ∏èThe Mysterious Lives of Lion Prides [National Geographic Documentary 2020 HD 1080P],"5,047 views",Premiered on 8 Jul 2020,72,8
464,https://www.youtube.com/watch?v=10ZTTyTziYw,‚ñ∂Ô∏éTales From Wild African Animals: Pride of Lions [National Geographic Documentary 2020] (ENG SUB),"15,241 views",5 Jul 2020,161,9
465,https://www.youtube.com/watch?v=Tx4wYi2S0Go,No No Don't Open the Wrong Door #5 üö™ Lion Family Cartoon for Kids,"280,385 views",24 Jul 2020,LIKE,DISLIKE
466,https://www.youtube.com/watch?v=yoecv7Noq1A,10 Most Unique Lions in the World!,"5,673,030 views",30 May 2019,56K,3.9K
467,https://www.youtube.com/watch?v=h0CC8PwxsXw,Lions in 4K 10 bit color - African Wildlife Animals - 5 HRS,"616,569 views",6 Sep 2019,3.4K,227
468,https://www.youtube.com/watch?v=DXUAyRRkI6k,Funny Cats and Kittens Meowing Compilation,"255,882,602 views",9 Nov 2013,854K,390K
469,https://www.youtube.com/watch?v=9Ciyd4AggzI,Lion King: 23-Year-Old Is Best Friends With Big Cats | BEAST BUDDIES,"8,811,456 views",19 Mar 2019,107K,3.3K
470,https://www.youtube.com/watch?v=IkvIKjzF7YE,Lion Family üíé Color Gems & Color Ice Cream #2 | Cartoon for Kids,"876,817 views",9 Jul 2020,LIKE,DISLIKE
471,https://www.youtube.com/watch?v=cp2GLUrQ2lc,‚ñ∂Ô∏éNEW‚ÄºÔ∏èThe Nsefu Lion Pride: Comes of Age | Africa Wildlife Lion Documentary 2020 FULL HD (ENG SUB),"16,696 views",Premiered on 10 Jul 2020,294,9
472,https://www.youtube.com/watch?v=B1QZLyQh-Ss,Too Brave! Powerful Hero Buffalo Come To Rescue Poor Zebra Escape Lions,"22,618,086 views",23 Jan 2019,60K,27K
473,https://www.youtube.com/watch?v=7al0I1w1LcQ,Meet The Characters: Geena‚Äôs Spotted Hyena Clan | The Lion Whisperer,"43,343 views",24 Jul 2020,5.9K,18
474,https://www.youtube.com/watch?v=rMs06PfdJlU,Lion VS Tiger - Who will win in a fight ?,"676,223 views",23 May 2020,5.2K,1.3K
475,https://www.youtube.com/watch?v=-olqqcTBbAI,Male Lions Attacking Another Lion Get Interrupted by Elephants & Hippos,"676,625 views",21 Jul 2020,2.9K,313
476,https://www.youtube.com/watch?v=4BPhSCEeymc,Mystery Boxes - Detective Lion Plays Hide and Seek With Lost Toys | Lion Family | Cartoon for Kids,"315,069 views",24 Jul 2020,LIKE,DISLIKE
477,https://www.youtube.com/watch?v=sPyAQQklc1s,Lions 360¬∞ | National Geographic,"19,192,666 views",19 Jun 2017,108K,9.8K
478,https://www.youtube.com/watch?v=GibiNy4d4gc,"Carmen Twillie, Lebo M. - Circle Of Life (Official Video from ""The Lion King"")","190,201,670 views",25 Sep 2014,668K,60K
479,https://www.youtube.com/watch?v=a5V6gdu5ih8,Lion Attacked by Clan of Hyenas - FULL CLIP (with ending) | Dynasties | BBC Earth,"49,723,084 views",26 Nov 2018,415K,10K
480,https://www.youtube.com/watch?v=dJU9ZkPorDE,WHEN LIONS ATTACK *BRUTAL* National Geographic Documentary 2020 | 1080p,"62,032 views",Premiered on 28 May 2020,428,43
481,https://www.youtube.com/watch?v=lQHwkN_VQQM,Extraordinary Lion Hunt Filmed | Attenborough 60 Years In The Wild | BBC Earth,"2,120,618 views",20 Aug 2017,14K,947
482,https://www.youtube.com/watch?v=Y-UGS6op5xo,‚ñ∂Ô∏éNEW‚ÄºÔ∏èRise of Luangwa Lion Pride | Africa Wildlife Lion Documentary 2020 FULL HD 1080P (ENG SUB),"22,711 views",10 Jul 2020,368,24
483,https://www.youtube.com/watch?v=OMkEVX23BdM,Lions 101 | Nat Geo Wild,"1,082,143 views",16 Dec 2017,8.8K,483
484,https://www.youtube.com/watch?v=uFcZhH_wFbs,Lions Roaring Compilation,"8,962,682 views",3 Aug 2018,47K,9.3K
485,https://www.youtube.com/watch?v=ODhSu5t9080,The Lion Guard Full Episodes - Lions of the Outlands,"104,216 views",Premiered on 26 Jun 2020,832,81
486,https://www.youtube.com/watch?v=Z8hI5uqpy_w,Best Lion Moments: Part 1 | Top 5 | BBC Earth,"1,792,859 views",3 Mar 2020,10K,1.2K
487,https://www.youtube.com/watch?v=xOleukLZJ5g,‚ñ∂Ô∏éNEW‚ÄºÔ∏èYoung Lion Cubs: Future Of The Pride | Africa Wildlife Lion Documentary 2020 HD (ENG SUB),"6,008 views",Premiered on 10 Jul 2020,137,8
488,https://www.youtube.com/watch?v=HoRkntoHkIE,Phillip Phillips - Home,"75,804,154 views",2 Aug 2012,600K,12K
489,https://www.youtube.com/watch?v=nmhQhByH1nY,Cute Beautiful House Design | House Interior | Home | Modern house for sale 5.38cent 2450sqft 4bhk,"5,504,386 views",12 Dec 2014,21K,2.6K
490,https://www.youtube.com/watch?v=_8WPqqzMoX0,Diana and the Children's Story about viruses / Kids Stay at Home,"99,300,284 views",13 May 2020,436K,203K
491,https://www.youtube.com/watch?v=v2AT7oSGZbQ,BTS (Î∞©ÌÉÑÏÜåÎÖÑÎã®) - HOME (Color Coded Lyrics Eng/Rom/Han/Í∞ÄÏÇ¨),"44,174,450 views",12 Apr 2019,654K,7.3K
492,https://www.youtube.com/watch?v=LzPPAw5tnqs,Edward Sharpe & The Magnetic Zeros - Home with Lyrics,"10,565,704 views",26 Feb 2011,87K,1.8K
493,https://www.youtube.com/watch?v=Y5SBhyk-1cA,You Have It at Home But Don't Know Its Purpose,"141,019 views",22 Jul 2020,LIKE,DISLIKE
494,https://www.youtube.com/watch?v=88iKZQ7D6Mo,Build Swimming Pool On home Underground,"68,831,480 views",12 Aug 2018,246K,55K
495,https://www.youtube.com/watch?v=q-SdZe-cEFk,PANDA HOME TOUR!,"367,584 views",23 Jul 2020,71K,1K
496,https://www.youtube.com/watch?v=dcHWmDQYzyU,23 CRAZY HACKS YOU NEED TO KNOW || Work From Home Tips,"1,399,206 views",12 Jun 2020,17K,1.5K
497,https://www.youtube.com/watch?v=lbSOLBMUvIE,Michael Bubl√© - Home [Official Music Video],"96,520,416 views",26 Oct 2009,423K,10K
498,https://www.youtube.com/watch?v=ZmF8_g5H8fg,Diana dan Roma - Petualangan dengan Mainan | Bahasa Indonesia,"24,229,052 views",8 May 2020,123K,55K
499,https://www.youtube.com/watch?v=Vr2FLgmWCJA,David Guetta / United at Home - Fundraising Live from Miami #UnitedatHome #StayHome #WithMe,"6,390,592 views",Streamed live on 18 Apr 2020,164K,3.5K
